"challengeID","gpa","grit","materialHardship","eviction","layoff","jobTraining"
1,NA,NA,NA,NA,NA,NA
3,NA,NA,NA,NA,NA,NA
6,NA,3.5,0.0909090909090909,FALSE,FALSE,FALSE
7,2.5,3.25,0,FALSE,FALSE,FALSE
8,NA,NA,NA,NA,NA,NA
9,2.25,4,0.181818181818182,FALSE,FALSE,FALSE
10,3.25,3.25,0.0909090909090909,FALSE,NA,FALSE
13,2.75,4,0.181818181818182,FALSE,FALSE,TRUE
14,3.25,2.75,0.272727272727273,FALSE,TRUE,FALSE
16,2,3.5,0.0909090909090909,FALSE,FALSE,TRUE
18,2.25,3,0,FALSE,TRUE,FALSE
20,NA,3,0,FALSE,FALSE,FALSE
23,2.5,3.25,0,FALSE,FALSE,FALSE
24,3.25,3.5,0.0909090909090909,FALSE,FALSE,TRUE
28,NA,NA,NA,NA,NA,NA
30,3,4,0.0909090909090909,FALSE,TRUE,FALSE
35,3,3,0.181818181818182,FALSE,FALSE,FALSE
36,NA,NA,NA,NA,NA,NA
40,3,3.5,0.0909090909090909,FALSE,NA,FALSE
43,3,3.25,0.272727272727273,FALSE,FALSE,FALSE
45,3,4,0,FALSE,NA,FALSE
46,3.5,4,0,FALSE,FALSE,TRUE
47,3.5,3.25,0,FALSE,NA,FALSE
49,NA,NA,NA,NA,NA,NA
52,3.25,4,0,FALSE,FALSE,FALSE
53,2.75,3.75,0,FALSE,FALSE,FALSE
54,NA,NA,NA,NA,NA,NA
55,NA,3,0.363636363636364,FALSE,FALSE,FALSE
56,NA,NA,NA,NA,NA,NA
57,3,3,0.181818181818182,FALSE,FALSE,FALSE
58,3.25,3.75,0.0909090909090909,FALSE,NA,FALSE
60,2.75,3.5,0,FALSE,FALSE,TRUE
61,4,3.5,0,FALSE,FALSE,FALSE
62,3.25,3.25,0,FALSE,FALSE,FALSE
64,3.75,3,0.0909090909090909,FALSE,FALSE,TRUE
66,3.5,4,0,FALSE,NA,FALSE
67,NA,3.75,0.272727272727273,FALSE,FALSE,FALSE
69,3,2.75,0.181818181818182,FALSE,FALSE,TRUE
70,3.5,2.75,0,FALSE,FALSE,TRUE
72,3.25,2.75,0.272727272727273,FALSE,FALSE,FALSE
73,NA,NA,NA,NA,NA,NA
75,NA,NA,NA,NA,NA,NA
76,NA,NA,NA,NA,NA,NA
79,NA,NA,0.454545454545455,FALSE,TRUE,FALSE
80,2.75,3,0,FALSE,FALSE,FALSE
81,NA,4,0,FALSE,FALSE,FALSE
83,NA,NA,NA,NA,NA,NA
84,2.75,4,0,FALSE,FALSE,FALSE
85,NA,3.5,0.454545454545455,FALSE,NA,TRUE
87,NA,3.75,0,FALSE,FALSE,FALSE
91,NA,NA,NA,NA,NA,NA
93,2.5,3.75,0,FALSE,FALSE,FALSE
94,NA,3.25,0.181818181818182,FALSE,TRUE,TRUE
97,NA,NA,NA,NA,NA,NA
102,NA,NA,NA,NA,NA,NA
104,2.5,3.5,0.181818181818182,FALSE,TRUE,FALSE
107,3.25,3.5,0.181818181818182,FALSE,FALSE,FALSE
109,NA,NA,NA,NA,NA,NA
110,3.25,4,0,FALSE,FALSE,FALSE
111,3.75,3.25,0.545454545454545,TRUE,FALSE,TRUE
119,1.25,3.25,0,FALSE,FALSE,FALSE
120,NA,NA,NA,NA,NA,NA
122,NA,NA,NA,NA,NA,NA
123,2.75,3,0.181818181818182,FALSE,FALSE,FALSE
124,2.5,4,0,FALSE,TRUE,FALSE
125,2.25,2.5,0.181818181818182,FALSE,FALSE,FALSE
126,NA,NA,NA,NA,NA,NA
127,NA,NA,0,FALSE,FALSE,FALSE
131,3.5,3.5,0.0909090909090909,FALSE,FALSE,FALSE
135,NA,2.5,0.181818181818182,FALSE,FALSE,FALSE
137,2.25,3.25,0,FALSE,FALSE,FALSE
143,3.5,4,0,FALSE,NA,FALSE
145,2.5,4,0,FALSE,TRUE,FALSE
148,2.75,3.5,0.181818181818182,FALSE,FALSE,FALSE
152,NA,NA,NA,NA,NA,NA
153,NA,NA,NA,NA,NA,NA
155,NA,NA,NA,NA,NA,NA
162,NA,NA,NA,NA,NA,NA
163,NA,NA,NA,NA,NA,NA
165,1.5,2.75,0.454545454545455,TRUE,FALSE,FALSE
167,3,2.25,0.0909090909090909,FALSE,FALSE,FALSE
168,2.25,4,0.0909090909090909,FALSE,FALSE,FALSE
170,NA,NA,NA,NA,NA,NA
171,NA,NA,NA,NA,NA,NA
172,NA,NA,NA,NA,NA,NA
173,3.25,3.25,0,FALSE,FALSE,FALSE
174,NA,3.5,0,FALSE,FALSE,TRUE
176,NA,NA,NA,NA,NA,NA
178,NA,NA,NA,NA,NA,NA
182,2.5,3.75,0.0909090909090909,FALSE,TRUE,FALSE
183,2.75,3.25,0.454545454545455,TRUE,FALSE,FALSE
185,3,3.5,0.454545454545455,FALSE,NA,FALSE
187,NA,NA,NA,NA,NA,NA
188,3.25,4,0,FALSE,TRUE,FALSE
189,2.5,3.25,0,FALSE,TRUE,TRUE
192,1.5,2.75,0,FALSE,FALSE,FALSE
193,2.5,4,0,FALSE,NA,FALSE
195,NA,NA,NA,NA,NA,NA
196,2.75,4,0.272727272727273,FALSE,FALSE,TRUE
199,3,3.75,0,FALSE,FALSE,FALSE
203,3.25,4,0.0909090909090909,FALSE,TRUE,FALSE
204,2.25,4,0.0909090909090909,FALSE,NA,FALSE
205,NA,2.5,0.272727272727273,FALSE,FALSE,FALSE
207,NA,NA,NA,NA,NA,NA
208,4,3.5,0.0909090909090909,FALSE,FALSE,FALSE
209,NA,NA,NA,NA,NA,NA
215,NA,NA,NA,NA,NA,NA
217,NA,NA,NA,NA,NA,NA
218,2.25,3.75,0.272727272727273,FALSE,TRUE,FALSE
219,NA,NA,NA,NA,NA,NA
221,2,3.5,0.181818181818182,FALSE,FALSE,TRUE
222,NA,NA,NA,NA,NA,NA
223,NA,NA,NA,NA,NA,NA
224,NA,NA,NA,NA,NA,NA
225,2.25,3,0.181818181818182,FALSE,FALSE,FALSE
227,NA,2.75,0,FALSE,FALSE,FALSE
230,2.75,3.25,0,FALSE,FALSE,FALSE
233,NA,NA,NA,NA,NA,NA
234,3.25,3.25,0,FALSE,FALSE,FALSE
235,2.5,3.75,0,FALSE,FALSE,FALSE
236,2.75,4,0.0909090909090909,FALSE,FALSE,FALSE
237,2.5,4,0,FALSE,NA,FALSE
238,3.5,3,0.363636363636364,TRUE,NA,TRUE
241,3.5,3.25,0.181818181818182,FALSE,FALSE,FALSE
242,3,3.5,0,FALSE,FALSE,FALSE
247,NA,2,0,FALSE,FALSE,FALSE
248,2.25,3.5,0.272727272727273,FALSE,FALSE,TRUE
251,3,3.5,0,FALSE,FALSE,FALSE
254,2.5,2.75,0.272727272727273,TRUE,FALSE,FALSE
256,NA,NA,NA,NA,NA,NA
257,1.75,3.75,0.272727272727273,FALSE,FALSE,FALSE
258,NA,NA,NA,NA,NA,NA
259,NA,NA,NA,NA,NA,NA
262,3.75,3.5,0.181818181818182,FALSE,FALSE,TRUE
263,3,4,0.181818181818182,FALSE,FALSE,TRUE
265,NA,NA,NA,NA,NA,NA
266,NA,NA,0,FALSE,FALSE,FALSE
271,3.5,4,0.181818181818182,FALSE,FALSE,FALSE
272,NA,NA,NA,NA,NA,NA
273,NA,NA,NA,NA,NA,NA
279,NA,NA,0,FALSE,FALSE,TRUE
281,3,3.25,0,FALSE,TRUE,FALSE
282,2.5,4,0.272727272727273,FALSE,TRUE,TRUE
283,3.5,4,0,FALSE,FALSE,FALSE
285,3.25,3.75,0,FALSE,FALSE,FALSE
287,NA,1.5,0.727272727272727,FALSE,FALSE,FALSE
289,NA,3,0.0909090909090909,FALSE,TRUE,FALSE
291,NA,NA,NA,NA,NA,NA
292,NA,3.75,0,FALSE,FALSE,FALSE
295,NA,2,0,FALSE,FALSE,FALSE
297,NA,2.75,0.727272727272727,TRUE,TRUE,FALSE
298,NA,NA,NA,NA,NA,NA
299,NA,NA,0,FALSE,FALSE,FALSE
300,1.75,3,0,FALSE,FALSE,TRUE
301,3,4,0,FALSE,FALSE,FALSE
302,2.75,4,0,FALSE,FALSE,FALSE
304,2.25,3.25,0,FALSE,FALSE,FALSE
305,NA,NA,NA,NA,NA,NA
306,NA,3.25,0,FALSE,FALSE,TRUE
309,2.25,3.5,0.0909090909090909,FALSE,TRUE,FALSE
310,3.5,3.75,0,FALSE,FALSE,FALSE
311,NA,NA,NA,NA,NA,NA
314,2.25,3.5,0,FALSE,NA,FALSE
315,3,4,0,FALSE,FALSE,FALSE
317,NA,4,0,FALSE,NA,FALSE
318,3.25,4,0,FALSE,FALSE,FALSE
321,4,4,0,FALSE,FALSE,TRUE
323,NA,NA,NA,NA,NA,NA
324,3.25,4,0.818181818181818,TRUE,FALSE,FALSE
325,2.75,3.75,0,FALSE,FALSE,TRUE
326,NA,NA,NA,NA,NA,NA
330,2.5,3.75,0.363636363636364,FALSE,TRUE,FALSE
331,2.75,3.5,0,FALSE,FALSE,FALSE
332,2.75,3.75,0,FALSE,FALSE,FALSE
334,NA,4,0,FALSE,NA,FALSE
338,1.5,4,0,FALSE,FALSE,FALSE
339,NA,3.25,0.545454545454545,FALSE,TRUE,FALSE
340,3,3.75,0.0909090909090909,FALSE,NA,FALSE
343,NA,NA,NA,NA,NA,NA
344,2.25,4,0.181818181818182,FALSE,TRUE,FALSE
346,NA,NA,NA,NA,NA,NA
347,2.5,2.25,0,FALSE,FALSE,FALSE
348,NA,NA,0,FALSE,TRUE,FALSE
352,NA,3,0.0909090909090909,FALSE,TRUE,FALSE
355,NA,NA,NA,NA,NA,NA
356,2.25,2.25,0.272727272727273,TRUE,FALSE,FALSE
357,NA,NA,NA,NA,NA,NA
359,2.25,3.25,0.545454545454545,TRUE,TRUE,TRUE
365,NA,NA,NA,NA,NA,NA
367,2.25,2.75,0,FALSE,FALSE,FALSE
368,NA,3.5,0.0909090909090909,TRUE,FALSE,TRUE
369,NA,NA,NA,NA,NA,NA
373,2.5,3.75,0,FALSE,FALSE,FALSE
376,2.5,4,0,FALSE,FALSE,FALSE
377,3.25,3.25,0,FALSE,FALSE,FALSE
380,3.75,3.5,0,FALSE,FALSE,FALSE
382,3.75,4,0,FALSE,FALSE,FALSE
386,4,4,0,FALSE,FALSE,FALSE
388,NA,3.5,0,FALSE,FALSE,FALSE
389,NA,NA,NA,NA,NA,NA
391,3.25,3,0,FALSE,FALSE,FALSE
394,2.75,4,0,FALSE,FALSE,TRUE
396,NA,NA,NA,NA,NA,NA
397,NA,NA,NA,NA,NA,NA
399,NA,NA,NA,NA,NA,NA
401,1.75,3.25,0.0909090909090909,FALSE,TRUE,TRUE
403,3,3,0,FALSE,FALSE,FALSE
405,NA,NA,NA,NA,NA,NA
407,NA,3.25,0.181818181818182,FALSE,TRUE,FALSE
408,NA,NA,NA,NA,NA,NA
409,3.25,3,0,FALSE,FALSE,TRUE
411,NA,3.25,0.181818181818182,FALSE,FALSE,FALSE
413,3.5,4,0,FALSE,FALSE,FALSE
417,3,3.75,0,FALSE,FALSE,TRUE
421,NA,NA,NA,NA,NA,NA
423,NA,NA,NA,NA,NA,NA
424,4,4,0,FALSE,FALSE,FALSE
425,NA,3.25,0,FALSE,NA,FALSE
426,1.75,3.25,0.0909090909090909,FALSE,FALSE,FALSE
427,3.25,4,0.181818181818182,FALSE,FALSE,TRUE
429,2.75,4,0.272727272727273,FALSE,NA,FALSE
430,NA,NA,NA,NA,NA,NA
432,NA,3.75,0.454545454545455,TRUE,TRUE,TRUE
435,3,2.75,0,FALSE,FALSE,TRUE
436,1.75,3.5,0.181818181818182,FALSE,FALSE,TRUE
437,4,3.5,0,FALSE,NA,FALSE
440,NA,3.75,0.0909090909090909,FALSE,FALSE,FALSE
441,3.25,1.75,0,FALSE,FALSE,FALSE
442,NA,NA,NA,NA,NA,NA
443,3.5,3.75,0.0909090909090909,FALSE,FALSE,FALSE
445,3,4,0,FALSE,FALSE,FALSE
447,2.25,2,0.0909090909090909,FALSE,FALSE,FALSE
449,2.5,3.5,0.454545454545455,FALSE,TRUE,FALSE
450,NA,NA,NA,NA,NA,NA
453,3.5,3,0,FALSE,FALSE,FALSE
454,3,3,0.0909090909090909,FALSE,TRUE,FALSE
455,NA,NA,NA,NA,NA,NA
459,NA,NA,NA,NA,NA,NA
462,NA,NA,NA,NA,NA,NA
463,NA,NA,NA,NA,NA,NA
464,NA,NA,0,FALSE,FALSE,TRUE
465,NA,NA,NA,NA,NA,NA
466,NA,3,0,FALSE,FALSE,FALSE
471,NA,NA,NA,NA,NA,NA
474,NA,NA,NA,NA,NA,NA
475,NA,NA,NA,NA,NA,NA
477,NA,NA,NA,NA,NA,NA
478,2.5,3.75,0,FALSE,FALSE,FALSE
481,NA,3,0.181818181818182,TRUE,FALSE,FALSE
482,NA,NA,NA,NA,NA,NA
484,NA,NA,NA,NA,NA,NA
485,NA,3.5,0.545454545454545,TRUE,FALSE,FALSE
487,1.75,2.75,0,FALSE,FALSE,FALSE
492,3.25,4,0.0909090909090909,FALSE,FALSE,FALSE
493,NA,NA,NA,NA,NA,NA
496,3.5,3.5,0,FALSE,FALSE,TRUE
497,3.25,3,0,FALSE,FALSE,FALSE
499,3,4,0,FALSE,FALSE,FALSE
501,2.75,4,0.272727272727273,FALSE,NA,FALSE
502,NA,NA,NA,NA,NA,NA
507,NA,3.25,0,FALSE,FALSE,FALSE
508,3.75,4,0.272727272727273,FALSE,TRUE,FALSE
509,2.75,3.75,0.272727272727273,FALSE,FALSE,FALSE
510,NA,3.25,0.363636363636364,FALSE,TRUE,FALSE
511,NA,3.75,0.272727272727273,FALSE,TRUE,TRUE
513,1.5,3,0,FALSE,FALSE,FALSE
514,NA,NA,NA,NA,NA,NA
515,NA,3,0,FALSE,NA,FALSE
517,NA,NA,NA,NA,NA,NA
520,3.75,3.75,0.0909090909090909,FALSE,FALSE,TRUE
522,2,3.5,0.0909090909090909,FALSE,FALSE,FALSE
524,NA,NA,NA,NA,NA,NA
525,4,3,0,FALSE,FALSE,FALSE
528,3.5,3.25,0,FALSE,TRUE,TRUE
529,NA,NA,NA,NA,NA,NA
530,NA,3.5,0.0909090909090909,FALSE,FALSE,FALSE
532,NA,NA,NA,NA,NA,NA
533,NA,NA,NA,NA,NA,NA
534,3.75,4,0,FALSE,FALSE,FALSE
535,NA,NA,NA,NA,NA,NA
536,NA,NA,NA,NA,NA,NA
542,NA,NA,NA,NA,NA,NA
546,NA,NA,NA,NA,NA,NA
548,3.5,4,0,FALSE,TRUE,FALSE
551,NA,NA,NA,NA,NA,NA
555,3,4,0.181818181818182,FALSE,FALSE,FALSE
557,NA,3.5,0,FALSE,FALSE,TRUE
559,4,3.25,0.363636363636364,FALSE,FALSE,TRUE
561,NA,NA,NA,NA,NA,NA
562,2.75,3,0,FALSE,NA,FALSE
563,NA,NA,NA,NA,NA,NA
564,2.75,3.5,0,FALSE,FALSE,FALSE
565,3.5,3.75,0.181818181818182,FALSE,FALSE,FALSE
568,NA,3.75,0.363636363636364,FALSE,NA,FALSE
572,2.75,3.5,0,FALSE,FALSE,FALSE
573,3.5,3.25,0.0909090909090909,FALSE,TRUE,FALSE
575,2.5,3.75,0,FALSE,TRUE,FALSE
576,3.25,3,0,FALSE,TRUE,TRUE
577,3.25,4,0,FALSE,NA,FALSE
578,2.75,3.75,0.181818181818182,FALSE,FALSE,FALSE
579,NA,NA,NA,NA,NA,NA
580,NA,3.25,0.181818181818182,FALSE,FALSE,FALSE
581,NA,NA,NA,NA,NA,NA
582,2.25,3.25,0.454545454545455,FALSE,FALSE,FALSE
584,3,3.25,0,FALSE,FALSE,FALSE
585,2.5,3.25,0,FALSE,FALSE,TRUE
586,3.5,2.75,0,FALSE,FALSE,FALSE
587,3,3.75,0.181818181818182,FALSE,TRUE,TRUE
588,1.25,2.75,0.0909090909090909,FALSE,TRUE,FALSE
590,2.25,2.75,0,FALSE,FALSE,FALSE
591,3.5,3.25,0,FALSE,FALSE,FALSE
592,3.25,3.75,0,FALSE,FALSE,TRUE
594,NA,3.5,0,FALSE,FALSE,TRUE
599,NA,NA,NA,NA,NA,NA
602,3,3.25,0,FALSE,NA,FALSE
604,NA,NA,NA,NA,NA,NA
606,NA,2.5,0.454545454545455,TRUE,FALSE,TRUE
609,NA,NA,NA,NA,NA,NA
610,NA,NA,NA,NA,NA,NA
612,2.5,3.25,0.454545454545455,FALSE,FALSE,FALSE
614,2.25,3.75,0.272727272727273,FALSE,TRUE,FALSE
616,3,3,0.181818181818182,TRUE,FALSE,FALSE
617,3.5,2.5,0,FALSE,TRUE,FALSE
618,3.5,3.75,0.0909090909090909,FALSE,FALSE,FALSE
620,NA,NA,NA,NA,NA,NA
622,3.5,2.5,0,FALSE,FALSE,FALSE
624,3.75,3,0,FALSE,FALSE,FALSE
627,NA,NA,NA,NA,NA,NA
633,3.5,3.25,0,FALSE,FALSE,FALSE
635,3.5,3,0,FALSE,TRUE,TRUE
636,NA,3.25,0.0909090909090909,TRUE,FALSE,TRUE
639,NA,NA,0.0909090909090909,FALSE,FALSE,FALSE
641,NA,NA,NA,NA,NA,NA
643,3.25,4,0,FALSE,FALSE,FALSE
644,2.25,3.25,0,FALSE,FALSE,FALSE
646,NA,NA,NA,NA,NA,NA
647,1.75,4,0,FALSE,FALSE,FALSE
648,3.25,4,0,FALSE,FALSE,FALSE
652,NA,NA,NA,NA,NA,NA
653,1.5,2.25,NA,NA,NA,NA
654,NA,NA,NA,NA,NA,NA
655,NA,3.25,0.454545454545455,FALSE,TRUE,FALSE
656,NA,NA,NA,NA,NA,NA
660,NA,NA,NA,NA,NA,NA
661,3.25,3,0,FALSE,FALSE,FALSE
664,3.75,3.75,0,FALSE,NA,TRUE
666,2.5,3.5,0.0909090909090909,FALSE,FALSE,FALSE
668,NA,3.25,0,FALSE,FALSE,FALSE
671,NA,3.25,0,FALSE,TRUE,FALSE
673,NA,3.25,0.0909090909090909,FALSE,FALSE,FALSE
676,NA,NA,NA,NA,NA,NA
678,3.25,3.25,0.363636363636364,FALSE,FALSE,TRUE
680,3.25,4,0,FALSE,FALSE,FALSE
683,2.25,3.75,0,FALSE,FALSE,FALSE
684,3,3.5,0.0909090909090909,FALSE,FALSE,FALSE
685,2.25,4,0,FALSE,TRUE,FALSE
686,NA,NA,0,FALSE,FALSE,TRUE
687,3,3.5,0,FALSE,FALSE,FALSE
690,3.5,3.25,0,FALSE,FALSE,FALSE
695,NA,NA,NA,NA,NA,NA
696,NA,NA,NA,NA,NA,NA
698,2.25,2.25,0.181818181818182,FALSE,FALSE,FALSE
700,4,3.75,0,FALSE,NA,FALSE
701,3.5,3.5,0,FALSE,FALSE,FALSE
703,NA,NA,NA,NA,NA,NA
707,NA,NA,NA,NA,NA,NA
708,NA,NA,NA,NA,NA,NA
712,NA,3.5,0.0909090909090909,FALSE,FALSE,FALSE
713,3,3.75,0.0909090909090909,FALSE,NA,FALSE
714,2.25,3.25,0,FALSE,FALSE,FALSE
715,3.5,4,0,FALSE,FALSE,FALSE
717,NA,4,0.181818181818182,FALSE,FALSE,TRUE
719,3,4,0,FALSE,FALSE,FALSE
720,3.25,3.25,0.0909090909090909,FALSE,FALSE,FALSE
726,NA,NA,NA,NA,NA,NA
727,NA,NA,0,FALSE,NA,FALSE
728,3,4,0,FALSE,FALSE,TRUE
730,NA,NA,NA,NA,NA,NA
732,NA,NA,0,FALSE,TRUE,FALSE
733,3,3.75,0.454545454545455,TRUE,FALSE,FALSE
738,4,3.75,NA,NA,NA,NA
743,3.5,3.5,0,FALSE,NA,FALSE
744,2.5,3.5,0.181818181818182,FALSE,FALSE,FALSE
748,NA,NA,0.0909090909090909,FALSE,FALSE,TRUE
750,2.25,3.5,0.454545454545455,TRUE,FALSE,FALSE
751,1.75,3.75,0.181818181818182,FALSE,FALSE,FALSE
754,NA,NA,NA,NA,NA,NA
755,2.75,3.25,0,FALSE,FALSE,TRUE
758,NA,NA,NA,NA,NA,NA
759,3.25,2.75,0,FALSE,FALSE,FALSE
760,1.25,3.25,0,FALSE,NA,FALSE
761,3.5,3.5,0.0909090909090909,FALSE,FALSE,FALSE
762,3,2.25,0.0909090909090909,FALSE,FALSE,FALSE
763,NA,NA,NA,NA,NA,NA
766,3.25,3.25,0.727272727272727,TRUE,FALSE,FALSE
772,3,4,0,FALSE,FALSE,FALSE
775,NA,NA,NA,NA,NA,NA
776,2.5,4,0,FALSE,FALSE,TRUE
779,2.25,3.75,0.454545454545455,FALSE,FALSE,FALSE
781,2.25,2.75,0.272727272727273,FALSE,FALSE,FALSE
782,NA,NA,NA,NA,NA,NA
783,2.75,4,0,FALSE,TRUE,TRUE
790,3.25,3.75,0,FALSE,FALSE,FALSE
791,1,3.5,0,FALSE,FALSE,FALSE
793,NA,NA,NA,NA,NA,NA
794,NA,NA,NA,NA,NA,NA
795,4,3.25,0.0909090909090909,FALSE,FALSE,FALSE
797,NA,NA,0,FALSE,TRUE,FALSE
800,NA,NA,NA,NA,NA,NA
801,NA,NA,0,FALSE,FALSE,FALSE
803,NA,2.75,0.181818181818182,FALSE,NA,FALSE
805,2.75,3.25,0,FALSE,FALSE,FALSE
806,3.5,4,0.363636363636364,FALSE,FALSE,FALSE
807,2.25,4,0.272727272727273,FALSE,FALSE,FALSE
808,3.5,3.5,0.272727272727273,FALSE,FALSE,FALSE
809,NA,4,0.272727272727273,FALSE,TRUE,FALSE
811,NA,NA,NA,NA,NA,NA
812,3,4,0.0909090909090909,FALSE,TRUE,TRUE
813,NA,3,0.0909090909090909,FALSE,FALSE,TRUE
814,3.75,3.75,0,FALSE,FALSE,TRUE
816,2.75,3,0,FALSE,FALSE,FALSE
819,NA,NA,NA,NA,NA,NA
820,3.75,4,0,FALSE,FALSE,FALSE
822,NA,NA,NA,NA,NA,NA
823,NA,NA,NA,NA,NA,NA
824,1.5,3.5,0,FALSE,FALSE,FALSE
825,3.5,4,0,FALSE,TRUE,FALSE
828,3,4,0,FALSE,FALSE,FALSE
829,2.5,3.25,0.0909090909090909,FALSE,FALSE,FALSE
830,3.25,4,0.0909090909090909,FALSE,FALSE,FALSE
831,2.25,3,0.181818181818182,FALSE,FALSE,TRUE
833,3.25,2.5,0.545454545454545,TRUE,NA,FALSE
834,3.25,3.75,0,FALSE,FALSE,TRUE
837,2.75,3.25,0.0909090909090909,FALSE,FALSE,TRUE
842,NA,NA,NA,NA,NA,NA
843,2.25,4,0.0909090909090909,FALSE,FALSE,FALSE
846,NA,3.5,0.0909090909090909,FALSE,FALSE,FALSE
848,3.5,4,0,FALSE,FALSE,FALSE
849,NA,NA,NA,NA,NA,NA
852,NA,NA,NA,NA,NA,NA
858,2,4,0.0909090909090909,FALSE,FALSE,TRUE
859,3,3,0,FALSE,FALSE,FALSE
860,NA,2.75,0.0909090909090909,FALSE,FALSE,FALSE
861,2.25,3.75,0.181818181818182,FALSE,TRUE,FALSE
862,NA,NA,0.363636363636364,TRUE,TRUE,FALSE
863,2.5,2.5,0,FALSE,FALSE,FALSE
865,2.75,4,0.0909090909090909,FALSE,FALSE,TRUE
869,2.25,2.75,0,FALSE,FALSE,FALSE
870,NA,NA,NA,NA,NA,NA
872,1.75,3,0.363636363636364,TRUE,FALSE,TRUE
874,2.75,3,0,FALSE,TRUE,TRUE
877,3.25,3.75,0,FALSE,FALSE,FALSE
879,NA,4,0,FALSE,FALSE,TRUE
882,NA,NA,NA,NA,NA,NA
886,NA,3.75,0,FALSE,FALSE,FALSE
887,2.25,2,0.181818181818182,FALSE,FALSE,FALSE
889,NA,NA,NA,NA,NA,NA
893,3.75,3.75,0,FALSE,FALSE,TRUE
894,3.75,4,0,FALSE,FALSE,FALSE
897,NA,3.75,0,FALSE,FALSE,FALSE
899,NA,NA,NA,NA,NA,NA
900,3.5,4,0,FALSE,TRUE,FALSE
901,2.5,3.25,0.545454545454545,TRUE,TRUE,TRUE
904,NA,NA,NA,NA,NA,NA
905,4,4,0.0909090909090909,FALSE,FALSE,FALSE
907,NA,NA,0,FALSE,FALSE,FALSE
911,2.25,3.75,0.0909090909090909,FALSE,FALSE,FALSE
912,2.75,4,0,FALSE,NA,FALSE
914,3.5,3.25,0.0909090909090909,TRUE,FALSE,FALSE
917,3.25,3,0,FALSE,TRUE,FALSE
918,NA,NA,NA,NA,NA,NA
920,NA,NA,NA,NA,NA,NA
922,NA,NA,NA,NA,NA,NA
925,1.75,3,0,TRUE,FALSE,TRUE
928,3.75,3,0.0909090909090909,FALSE,FALSE,FALSE
931,NA,3.5,0.0909090909090909,FALSE,FALSE,FALSE
933,NA,NA,NA,NA,NA,NA
935,NA,NA,NA,NA,NA,NA
936,2.5,3.75,0.181818181818182,FALSE,NA,FALSE
939,3.75,2.75,0,FALSE,FALSE,FALSE
943,3,3.5,0.181818181818182,FALSE,TRUE,TRUE
947,2.75,4,0,FALSE,FALSE,FALSE
948,2.5,2.75,0.0909090909090909,TRUE,FALSE,FALSE
950,3.5,3.5,0,FALSE,TRUE,FALSE
952,2.5,3.75,0.272727272727273,FALSE,FALSE,FALSE
953,NA,3.75,0.0909090909090909,FALSE,NA,FALSE
954,3,3.75,0,FALSE,FALSE,FALSE
955,NA,NA,NA,NA,NA,NA
956,3.75,4,0,FALSE,TRUE,FALSE
958,NA,NA,0,FALSE,FALSE,FALSE
961,3,4,0,FALSE,FALSE,FALSE
962,2.25,3.75,0.0909090909090909,FALSE,FALSE,FALSE
963,NA,2,0,TRUE,FALSE,FALSE
965,4,3,0,FALSE,FALSE,FALSE
966,NA,NA,NA,NA,NA,NA
971,NA,NA,NA,NA,NA,NA
972,2.75,3.25,0.272727272727273,TRUE,FALSE,TRUE
975,3,4,0.272727272727273,FALSE,FALSE,FALSE
976,3,3.5,0.0909090909090909,FALSE,FALSE,TRUE
980,NA,NA,NA,NA,NA,NA
981,2.75,4,0.636363636363636,FALSE,TRUE,FALSE
982,NA,NA,0,FALSE,FALSE,TRUE
983,3.75,4,0,FALSE,FALSE,FALSE
986,NA,NA,NA,NA,NA,NA
991,3.25,3.75,0.181818181818182,FALSE,FALSE,FALSE
993,3.25,3.75,0,FALSE,FALSE,FALSE
994,NA,3.5,0,FALSE,FALSE,FALSE
995,NA,NA,NA,NA,NA,NA
998,NA,NA,NA,NA,NA,NA
1000,NA,3.75,0.181818181818182,FALSE,TRUE,FALSE
1002,2.75,3,0.181818181818182,FALSE,FALSE,FALSE
1003,NA,NA,NA,NA,NA,NA
1004,NA,3,0,FALSE,FALSE,FALSE
1005,3.75,3.25,0.0909090909090909,FALSE,NA,FALSE
1006,3,3.25,0,FALSE,FALSE,FALSE
1007,NA,NA,NA,NA,NA,NA
1008,1.75,3.75,0,FALSE,TRUE,FALSE
1010,3.5,4,0,FALSE,FALSE,FALSE
1011,NA,NA,0.0909090909090909,FALSE,NA,FALSE
1012,1.75,3,0.363636363636364,FALSE,FALSE,FALSE
1013,NA,3.5,0.272727272727273,FALSE,TRUE,TRUE
1014,2.5,3.75,0.0909090909090909,FALSE,FALSE,TRUE
1017,NA,3,0.363636363636364,FALSE,TRUE,FALSE
1018,3.75,4,0,FALSE,FALSE,FALSE
1019,NA,NA,NA,NA,NA,NA
1024,1.5,3.75,0.0909090909090909,FALSE,FALSE,FALSE
1025,NA,NA,NA,NA,NA,NA
1026,NA,NA,0,FALSE,FALSE,FALSE
1028,NA,3.5,0.0909090909090909,FALSE,FALSE,FALSE
1029,2.5,3.5,0.636363636363636,TRUE,TRUE,FALSE
1032,NA,3,0,FALSE,FALSE,FALSE
1034,NA,NA,NA,NA,NA,NA
1035,NA,NA,NA,NA,NA,NA
1039,3,4,0.181818181818182,FALSE,FALSE,FALSE
1043,NA,NA,NA,NA,NA,NA
1044,3.75,3,0,TRUE,NA,FALSE
1045,4,4,0.454545454545455,TRUE,FALSE,FALSE
1049,3.75,3.75,0,FALSE,FALSE,TRUE
1050,NA,NA,NA,NA,NA,NA
1052,NA,NA,NA,NA,NA,NA
1055,NA,NA,NA,NA,NA,NA
1059,3,3.25,0,FALSE,FALSE,FALSE
1060,NA,NA,NA,NA,NA,NA
1062,1.75,2.5,0,FALSE,FALSE,FALSE
1064,NA,NA,NA,NA,NA,NA
1065,3.25,3.25,0.181818181818182,FALSE,FALSE,FALSE
1067,NA,NA,NA,NA,NA,NA
1069,NA,3,0,TRUE,FALSE,TRUE
1070,2.5,3.75,0.636363636363636,TRUE,FALSE,FALSE
1071,NA,3,0,FALSE,FALSE,FALSE
1072,2.25,3.75,0.0909090909090909,FALSE,NA,FALSE
1077,NA,NA,NA,NA,NA,NA
1079,3.75,4,0,FALSE,FALSE,FALSE
1091,3.25,3.5,0,FALSE,FALSE,FALSE
1092,2.5,3,0,FALSE,TRUE,FALSE
1095,2.5,3,0,FALSE,FALSE,FALSE
1097,4,3.75,0,FALSE,FALSE,TRUE
1098,NA,4,0,FALSE,FALSE,FALSE
1103,NA,3.5,0,FALSE,TRUE,FALSE
1104,NA,NA,NA,NA,NA,NA
1105,2.75,3.25,0.0909090909090909,TRUE,TRUE,FALSE
1106,3.75,4,0,FALSE,FALSE,FALSE
1107,NA,NA,NA,NA,NA,NA
1113,NA,NA,NA,NA,NA,NA
1118,3.5,3.5,0.0909090909090909,FALSE,TRUE,FALSE
1119,3.25,3.25,0,FALSE,FALSE,FALSE
1122,2.5,3.5,0.181818181818182,FALSE,TRUE,TRUE
1123,NA,NA,NA,NA,NA,NA
1124,3.5,3,0.272727272727273,FALSE,FALSE,FALSE
1125,NA,NA,NA,NA,NA,NA
1128,NA,NA,NA,NA,NA,NA
1129,NA,NA,NA,NA,NA,NA
1130,3,4,0.181818181818182,TRUE,TRUE,FALSE
1133,NA,NA,NA,NA,NA,NA
1134,NA,3,0,FALSE,FALSE,FALSE
1135,2.75,4,0,FALSE,NA,FALSE
1138,NA,NA,NA,NA,NA,NA
1139,NA,NA,NA,NA,NA,NA
1140,NA,NA,NA,NA,NA,NA
1143,1.5,3,0,FALSE,FALSE,FALSE
1144,3.25,3.25,0,FALSE,FALSE,FALSE
1145,NA,NA,NA,NA,NA,NA
1146,NA,3.75,0.0909090909090909,FALSE,FALSE,TRUE
1147,NA,NA,NA,NA,NA,NA
1149,NA,NA,NA,NA,NA,NA
1152,2.75,3.5,0,FALSE,FALSE,TRUE
1153,NA,NA,NA,NA,NA,NA
1157,2.75,2.75,0.363636363636364,FALSE,FALSE,FALSE
1159,3.5,4,0,FALSE,FALSE,FALSE
1160,NA,NA,NA,NA,NA,NA
1161,NA,3.75,0,FALSE,FALSE,TRUE
1164,1.75,3.5,0,FALSE,TRUE,TRUE
1166,3.5,3.75,0,FALSE,NA,FALSE
1167,4,2.5,0.0909090909090909,FALSE,TRUE,FALSE
1171,NA,NA,NA,NA,NA,NA
1172,3.5,3.5,0.0909090909090909,FALSE,NA,FALSE
1173,NA,NA,NA,NA,NA,NA
1174,NA,NA,NA,NA,NA,NA
1176,2.75,4,0.454545454545455,FALSE,FALSE,TRUE
1177,NA,NA,NA,NA,NA,NA
1178,1.75,4,0,FALSE,FALSE,FALSE
1179,2.75,3.25,0,FALSE,FALSE,FALSE
1181,NA,2.75,0.454545454545455,FALSE,FALSE,FALSE
1183,3,3.25,0,FALSE,FALSE,TRUE
1184,3,3.25,0,FALSE,FALSE,FALSE
1185,3,3.5,0,FALSE,FALSE,TRUE
1189,NA,NA,NA,NA,NA,NA
1193,NA,2.75,0.181818181818182,FALSE,TRUE,FALSE
1194,3.25,3,0,FALSE,FALSE,FALSE
1196,NA,NA,NA,NA,NA,NA
1198,1.5,3,0.0909090909090909,FALSE,TRUE,TRUE
1200,NA,NA,NA,NA,NA,NA
1204,3,3,0,FALSE,FALSE,FALSE
1205,NA,NA,NA,NA,NA,NA
1206,NA,3,0.0909090909090909,FALSE,NA,FALSE
1207,NA,NA,NA,NA,NA,NA
1211,2.25,4,0.0909090909090909,FALSE,FALSE,FALSE
1212,NA,NA,NA,NA,NA,NA
1214,2.5,4,0.636363636363636,FALSE,TRUE,FALSE
1215,2,3.25,0,FALSE,FALSE,TRUE
1219,3.25,3.5,0,FALSE,FALSE,FALSE
1222,2.75,4,0,FALSE,FALSE,FALSE
1223,2,4,0.0909090909090909,FALSE,NA,FALSE
1225,3,2.75,0,FALSE,FALSE,FALSE
1226,NA,NA,NA,NA,NA,NA
1228,NA,4,0,FALSE,FALSE,FALSE
1229,NA,3.75,0,FALSE,FALSE,FALSE
1231,1.75,3.25,NA,NA,NA,NA
1232,2,3,0,FALSE,FALSE,FALSE
1234,3.75,4,0,FALSE,FALSE,TRUE
1238,4,3.5,0,FALSE,NA,FALSE
1246,2,3.25,0,FALSE,FALSE,FALSE
1248,2.75,3.5,0,FALSE,FALSE,FALSE
1250,2.5,3.25,0,FALSE,FALSE,FALSE
1251,NA,NA,NA,NA,NA,NA
1252,2.75,3,0.454545454545455,TRUE,FALSE,FALSE
1253,3.25,3.5,0.545454545454545,TRUE,TRUE,FALSE
1254,NA,4,0,FALSE,FALSE,FALSE
1255,3,3.25,0.181818181818182,FALSE,TRUE,TRUE
1256,4,4,0,FALSE,FALSE,FALSE
1258,3,3.25,0.181818181818182,FALSE,TRUE,FALSE
1259,3,3.25,0,FALSE,FALSE,FALSE
1266,NA,3,0,FALSE,NA,FALSE
1275,NA,NA,NA,NA,NA,NA
1276,3.25,2.75,0,FALSE,FALSE,FALSE
1277,NA,NA,NA,NA,NA,NA
1279,NA,NA,NA,NA,NA,NA
1280,3,3,0.181818181818182,FALSE,FALSE,TRUE
1282,3,3,0,FALSE,FALSE,FALSE
1284,NA,3.25,0,FALSE,FALSE,FALSE
1286,3.5,3.5,0,FALSE,NA,FALSE
1288,NA,NA,NA,NA,NA,NA
1289,1.75,4,0.0909090909090909,FALSE,FALSE,FALSE
1297,NA,4,0.636363636363636,FALSE,FALSE,FALSE
1298,3.25,3.25,0.272727272727273,FALSE,FALSE,FALSE
1301,3.25,3.25,0,FALSE,FALSE,FALSE
1303,3.25,4,0,FALSE,FALSE,TRUE
1304,2.25,3.75,0.0909090909090909,FALSE,TRUE,FALSE
1305,NA,NA,NA,NA,NA,NA
1306,NA,3.25,0.272727272727273,FALSE,TRUE,TRUE
1307,2,3.25,0.0909090909090909,FALSE,FALSE,TRUE
1308,NA,NA,NA,NA,NA,NA
1310,NA,NA,NA,NA,NA,NA
1312,3.5,2.5,0.454545454545455,TRUE,FALSE,FALSE
1315,NA,NA,NA,NA,NA,NA
1316,NA,NA,NA,NA,NA,NA
1318,NA,NA,NA,NA,NA,NA
1319,1.5,2,0.0909090909090909,FALSE,FALSE,FALSE
1321,NA,NA,NA,NA,NA,NA
1322,NA,NA,NA,NA,NA,NA
1323,2.75,3.75,0,FALSE,FALSE,FALSE
1325,2.5,2.25,0.363636363636364,FALSE,FALSE,FALSE
1326,NA,3.75,0,FALSE,FALSE,FALSE
1329,3.5,4,0,FALSE,FALSE,TRUE
1331,3.25,3,0,FALSE,FALSE,FALSE
1335,NA,NA,NA,NA,NA,NA
1336,3.75,3.75,0,FALSE,FALSE,FALSE
1339,NA,NA,NA,NA,NA,NA
1340,3.25,4,0.0909090909090909,FALSE,FALSE,FALSE
1341,2.75,2.75,0.727272727272727,TRUE,NA,FALSE
1349,2.25,3,0.454545454545455,FALSE,NA,FALSE
1350,2.25,4,0,FALSE,NA,FALSE
1351,NA,NA,NA,NA,NA,NA
1352,2.75,3.25,0,FALSE,TRUE,FALSE
1353,NA,NA,NA,NA,NA,NA
1356,3.75,3.75,0,FALSE,FALSE,TRUE
1358,NA,NA,NA,NA,NA,NA
1359,NA,3,0.545454545454545,FALSE,NA,FALSE
1361,NA,3,0.272727272727273,FALSE,TRUE,FALSE
1362,NA,1.75,0,FALSE,FALSE,FALSE
1363,NA,NA,NA,NA,NA,NA
1365,NA,NA,NA,NA,NA,NA
1366,NA,NA,NA,NA,NA,NA
1367,NA,4,0,FALSE,FALSE,FALSE
1368,NA,NA,NA,NA,NA,NA
1371,1.75,3,0,FALSE,FALSE,FALSE
1372,4,3.75,0,FALSE,FALSE,FALSE
1373,NA,2.75,0,FALSE,FALSE,FALSE
1375,3.25,3.75,0.0909090909090909,FALSE,FALSE,TRUE
1378,2.5,3,0.454545454545455,TRUE,FALSE,FALSE
1382,NA,3.75,0.272727272727273,TRUE,TRUE,FALSE
1383,2,3.75,0.363636363636364,FALSE,FALSE,TRUE
1384,NA,3.5,0,FALSE,FALSE,TRUE
1386,3,4,0,FALSE,FALSE,FALSE
1387,3.25,3.75,0,FALSE,FALSE,FALSE
1388,3,3.25,0.272727272727273,FALSE,FALSE,FALSE
1389,1.75,3,0,FALSE,FALSE,TRUE
1391,3.75,4,0.363636363636364,FALSE,TRUE,FALSE
1394,NA,NA,NA,NA,NA,NA
1395,NA,NA,NA,NA,NA,NA
1398,NA,NA,NA,NA,NA,NA
1402,2.75,3.25,0.636363636363636,TRUE,FALSE,TRUE
1403,2.75,3.25,0.454545454545455,FALSE,TRUE,TRUE
1408,1.75,3.25,0,FALSE,TRUE,FALSE
1410,1.75,3,0,FALSE,NA,FALSE
1411,NA,NA,0,FALSE,TRUE,FALSE
1412,2,2.5,0,FALSE,FALSE,TRUE
1414,NA,NA,NA,NA,NA,NA
1417,NA,NA,NA,NA,NA,NA
1418,3.75,4,0.0909090909090909,FALSE,FALSE,TRUE
1420,1.5,3.75,0.272727272727273,TRUE,NA,FALSE
1421,2.5,4,0.0909090909090909,FALSE,NA,FALSE
1422,NA,NA,NA,NA,NA,NA
1423,NA,NA,0,FALSE,FALSE,FALSE
1425,NA,NA,NA,NA,NA,NA
1426,NA,NA,NA,NA,NA,NA
1430,NA,NA,NA,NA,NA,NA
1432,3.75,3.75,0,FALSE,FALSE,FALSE
1434,3.25,4,0,FALSE,FALSE,FALSE
1435,NA,NA,NA,NA,NA,NA
1436,NA,3.25,0.272727272727273,FALSE,TRUE,TRUE
1442,2.5,3.5,0,FALSE,FALSE,TRUE
1444,3.5,3.75,0,FALSE,FALSE,TRUE
1445,NA,NA,NA,NA,NA,NA
1448,2.75,3,0,FALSE,TRUE,FALSE
1452,2.5,3.5,0.272727272727273,TRUE,TRUE,TRUE
1453,2.5,3,0,FALSE,FALSE,TRUE
1460,3.75,4,0,FALSE,TRUE,FALSE
1462,3.5,3.25,0.0909090909090909,FALSE,FALSE,TRUE
1463,NA,2.75,0,FALSE,NA,FALSE
1465,4,4,0,FALSE,FALSE,FALSE
1467,3.25,4,0.181818181818182,FALSE,NA,FALSE
1468,NA,NA,NA,NA,NA,NA
1469,NA,NA,NA,NA,NA,NA
1471,3,3,0.272727272727273,TRUE,FALSE,FALSE
1473,2.25,3.75,0,FALSE,FALSE,FALSE
1474,2.75,3.5,0.0909090909090909,FALSE,FALSE,TRUE
1475,NA,NA,NA,NA,NA,NA
1476,2.5,3.75,0.272727272727273,FALSE,TRUE,FALSE
1477,4,4,0,FALSE,FALSE,FALSE
1480,2,3.5,0,FALSE,FALSE,FALSE
1483,4,2.5,0.0909090909090909,FALSE,FALSE,FALSE
1484,3,4,0.363636363636364,TRUE,TRUE,FALSE
1485,3,3,0,FALSE,FALSE,FALSE
1486,NA,NA,NA,NA,NA,NA
1487,1.75,2.75,0.363636363636364,FALSE,FALSE,TRUE
1490,1.75,3.25,0,FALSE,FALSE,FALSE
1495,2.25,3.5,0.0909090909090909,FALSE,FALSE,TRUE
1496,NA,3.25,0,FALSE,FALSE,FALSE
1499,2.75,3.25,0.363636363636364,FALSE,FALSE,FALSE
1500,2.25,4,0,FALSE,FALSE,FALSE
1505,3,3.75,0,FALSE,FALSE,FALSE
1506,3.75,4,0,FALSE,FALSE,FALSE
1510,3,2.75,0,FALSE,FALSE,FALSE
1511,NA,NA,0,FALSE,FALSE,FALSE
1514,3.25,3.25,0,TRUE,FALSE,TRUE
1517,NA,NA,NA,NA,NA,NA
1518,2.25,4,0.818181818181818,TRUE,FALSE,FALSE
1521,3.25,4,0,FALSE,FALSE,FALSE
1523,3.25,4,0,FALSE,FALSE,FALSE
1524,NA,NA,NA,NA,NA,NA
1525,NA,NA,NA,NA,NA,NA
1529,NA,NA,NA,NA,NA,NA
1530,3.25,3.75,0.0909090909090909,FALSE,FALSE,FALSE
1533,2.25,2.75,0,FALSE,FALSE,TRUE
1534,2.5,3.25,0.0909090909090909,FALSE,FALSE,TRUE
1535,NA,NA,NA,NA,NA,NA
1537,NA,NA,NA,NA,NA,NA
1538,3,2.5,0,FALSE,FALSE,FALSE
1539,NA,NA,NA,NA,NA,NA
1542,NA,3.5,0,FALSE,FALSE,FALSE
1545,1.75,3.25,0.0909090909090909,FALSE,NA,FALSE
1547,3.5,3.25,0,FALSE,TRUE,FALSE
1550,NA,3.25,0,FALSE,FALSE,TRUE
1551,NA,NA,NA,NA,NA,NA
1553,NA,NA,NA,NA,NA,NA
1555,1.5,4,0,FALSE,NA,FALSE
1557,2.75,4,0,FALSE,FALSE,FALSE
1560,NA,NA,NA,NA,NA,NA
1562,NA,3,0.272727272727273,FALSE,FALSE,TRUE
1563,2.75,2.5,0,FALSE,FALSE,FALSE
1564,2.25,3.25,0,FALSE,FALSE,FALSE
1566,3.75,3.25,0,FALSE,FALSE,FALSE
1569,3.5,3.75,0.0909090909090909,FALSE,FALSE,FALSE
1570,NA,NA,NA,NA,NA,NA
1572,1.5,3.25,0.0909090909090909,FALSE,NA,FALSE
1573,3.5,3.75,0,FALSE,FALSE,FALSE
1574,3.5,3.5,0,FALSE,FALSE,FALSE
1576,NA,NA,NA,NA,NA,NA
1578,NA,NA,NA,NA,NA,NA
1580,NA,NA,NA,NA,NA,NA
1583,NA,2.25,0,FALSE,FALSE,TRUE
1584,3,4,0,FALSE,FALSE,FALSE
1585,NA,NA,NA,NA,NA,NA
1588,3.5,3.75,0.0909090909090909,FALSE,FALSE,TRUE
1590,3.5,3,0.0909090909090909,FALSE,TRUE,TRUE
1592,3.5,4,0.181818181818182,FALSE,FALSE,FALSE
1593,3,3.75,0,FALSE,FALSE,FALSE
1594,NA,3,0.363636363636364,FALSE,FALSE,TRUE
1596,NA,3.75,0,FALSE,FALSE,TRUE
1598,NA,NA,NA,NA,NA,NA
1599,NA,NA,NA,NA,NA,NA
1602,3.25,4,0,FALSE,FALSE,FALSE
1603,3.5,3,0.363636363636364,FALSE,FALSE,TRUE
1604,1.5,2.5,0.0909090909090909,FALSE,FALSE,FALSE
1605,2.5,3.5,0,FALSE,FALSE,FALSE
1606,NA,NA,NA,NA,NA,NA
1608,3.5,3.5,0,FALSE,FALSE,FALSE
1611,3,4,0.181818181818182,FALSE,TRUE,FALSE
1612,3.25,3.5,0.181818181818182,FALSE,FALSE,TRUE
1613,NA,NA,NA,NA,NA,NA
1614,NA,NA,NA,NA,NA,NA
1615,NA,NA,NA,NA,NA,NA
1616,NA,2.75,0,FALSE,FALSE,FALSE
1618,NA,NA,NA,NA,NA,NA
1619,NA,3.5,0,FALSE,FALSE,FALSE
1620,4,3.75,0.272727272727273,FALSE,FALSE,TRUE
1621,3,4,0,FALSE,FALSE,FALSE
1622,NA,NA,NA,NA,NA,NA
1624,2.75,4,0.0909090909090909,FALSE,FALSE,FALSE
1626,2.75,3.25,0.454545454545455,FALSE,FALSE,FALSE
1628,2.75,2.75,0,FALSE,FALSE,TRUE
1630,NA,NA,NA,NA,NA,NA
1632,3.25,3.5,0.727272727272727,TRUE,TRUE,FALSE
1633,NA,NA,NA,NA,NA,NA
1634,1.5,3.25,0.0909090909090909,FALSE,FALSE,FALSE
1637,3.75,3.75,0,FALSE,FALSE,TRUE
1638,NA,NA,NA,NA,NA,NA
1639,2.25,3,0,FALSE,FALSE,FALSE
1640,NA,NA,NA,NA,NA,NA
1641,NA,3.75,0,FALSE,NA,TRUE
1642,NA,NA,NA,NA,NA,NA
1643,3,4,0,FALSE,FALSE,FALSE
1646,3.25,3.75,0,FALSE,FALSE,TRUE
1648,3.5,3.5,0.0909090909090909,FALSE,NA,FALSE
1650,NA,3.25,0,FALSE,TRUE,FALSE
1652,2,3,0.272727272727273,FALSE,FALSE,TRUE
1653,NA,NA,NA,NA,NA,NA
1654,3,4,0.272727272727273,TRUE,FALSE,TRUE
1657,3.25,4,NA,FALSE,FALSE,TRUE
1659,NA,NA,NA,NA,NA,NA
1660,2.5,3.25,0.0909090909090909,FALSE,FALSE,TRUE
1663,4,4,0,FALSE,FALSE,FALSE
1664,3.5,4,0,FALSE,FALSE,FALSE
1666,NA,NA,NA,NA,NA,NA
1667,3.25,3,0,FALSE,TRUE,TRUE
1668,NA,NA,NA,NA,NA,NA
1670,3.75,3.5,0.0909090909090909,FALSE,TRUE,FALSE
1675,NA,3,0,FALSE,FALSE,FALSE
1677,3.5,3.5,0.0909090909090909,FALSE,NA,FALSE
1679,2.5,4,0.0909090909090909,FALSE,NA,TRUE
1680,NA,4,0,FALSE,FALSE,FALSE
1682,2,4,0.363636363636364,FALSE,FALSE,FALSE
1686,2,2,0,FALSE,NA,FALSE
1688,2,3.25,0,FALSE,FALSE,FALSE
1690,NA,NA,NA,NA,NA,NA
1691,NA,NA,NA,NA,NA,NA
1692,3,4,0,FALSE,FALSE,FALSE
1696,2.5,4,0,FALSE,NA,FALSE
1699,NA,NA,NA,NA,NA,NA
1701,NA,3.25,0.181818181818182,FALSE,NA,FALSE
1702,3.5,3.75,0,FALSE,FALSE,FALSE
1707,NA,NA,NA,NA,NA,NA
1709,NA,NA,NA,NA,NA,NA
1712,NA,NA,NA,NA,NA,NA
1713,3,3.75,0.454545454545455,FALSE,FALSE,TRUE
1715,NA,3.5,0,FALSE,FALSE,FALSE
1716,NA,NA,NA,NA,NA,NA
1719,NA,NA,NA,NA,NA,NA
1722,NA,NA,NA,NA,NA,NA
1723,2.5,2.75,0,FALSE,FALSE,TRUE
1724,2.25,2.75,0.181818181818182,TRUE,FALSE,FALSE
1726,3.75,3.5,0.0909090909090909,FALSE,NA,FALSE
1729,NA,3.5,0,FALSE,FALSE,FALSE
1732,4,2.75,0,FALSE,FALSE,TRUE
1733,1.75,3.75,0.0909090909090909,FALSE,FALSE,FALSE
1734,NA,3.25,0,FALSE,FALSE,TRUE
1735,3.5,3,0,FALSE,FALSE,FALSE
1737,2.5,3.25,0,FALSE,TRUE,FALSE
1739,3.5,3.25,0,FALSE,FALSE,TRUE
1740,3,3,0,FALSE,FALSE,TRUE
1741,3,4,0,FALSE,FALSE,FALSE
1744,2,3.75,0,FALSE,FALSE,FALSE
1746,3.5,3.25,0.0909090909090909,FALSE,FALSE,FALSE
1750,2.75,3.75,0,FALSE,FALSE,TRUE
1753,1.5,3.75,0.181818181818182,FALSE,TRUE,FALSE
1755,3.25,3.75,0,FALSE,FALSE,TRUE
1756,NA,4,0.0909090909090909,FALSE,FALSE,FALSE
1757,3.25,3.5,0.0909090909090909,FALSE,TRUE,FALSE
1758,NA,NA,NA,NA,NA,NA
1759,NA,NA,NA,NA,NA,NA
1761,2.5,3.5,0.272727272727273,FALSE,FALSE,FALSE
1762,NA,NA,NA,NA,NA,NA
1763,1.5,3.25,0.181818181818182,FALSE,FALSE,FALSE
1765,NA,3.25,0.454545454545455,FALSE,FALSE,FALSE
1771,1.25,3,0.0909090909090909,FALSE,NA,FALSE
1772,2.5,4,0.272727272727273,FALSE,FALSE,FALSE
1774,NA,NA,NA,NA,NA,NA
1776,NA,NA,NA,NA,NA,NA
1783,2,3,0,TRUE,FALSE,FALSE
1784,NA,NA,NA,NA,NA,NA
1786,NA,NA,NA,NA,NA,NA
1788,3,3.25,0.181818181818182,FALSE,FALSE,FALSE
1790,2.75,4,0.272727272727273,FALSE,FALSE,FALSE
1791,NA,3.75,0,FALSE,FALSE,FALSE
1793,2,3.75,0,FALSE,FALSE,FALSE
1795,2.5,3.25,0,FALSE,FALSE,FALSE
1797,NA,NA,NA,NA,NA,NA
1800,NA,2.75,0,FALSE,TRUE,FALSE
1802,NA,NA,NA,NA,NA,NA
1804,3.25,3.5,0,FALSE,FALSE,FALSE
1806,2,4,0,FALSE,FALSE,TRUE
1807,NA,3,0.0909090909090909,FALSE,NA,FALSE
1808,3.75,3.75,0,FALSE,FALSE,FALSE
1809,NA,NA,NA,NA,NA,NA
1810,3.5,3,0.363636363636364,FALSE,TRUE,TRUE
1812,3.25,4,0.272727272727273,TRUE,FALSE,FALSE
1814,2.5,3.75,0.0909090909090909,FALSE,FALSE,TRUE
1815,3,4,0,FALSE,FALSE,FALSE
1816,NA,NA,NA,NA,NA,NA
1817,2.75,3.75,0,FALSE,FALSE,TRUE
1819,NA,NA,0,FALSE,NA,FALSE
1821,2.5,4,0,FALSE,TRUE,FALSE
1822,NA,NA,NA,NA,NA,NA
1824,4,3.5,0,FALSE,FALSE,TRUE
1825,2.25,4,0.181818181818182,FALSE,NA,FALSE
1827,NA,3.25,0,FALSE,NA,FALSE
1829,NA,3.75,0,FALSE,FALSE,FALSE
1831,3.25,4,0,FALSE,FALSE,FALSE
1833,3.25,3,0,FALSE,FALSE,FALSE
1834,NA,NA,0,FALSE,FALSE,TRUE
1835,NA,NA,NA,NA,NA,NA
1838,3,3.5,0,FALSE,FALSE,FALSE
1839,NA,4,0.0909090909090909,FALSE,FALSE,FALSE
1842,NA,NA,NA,NA,NA,NA
1846,2.25,3.5,0.363636363636364,FALSE,FALSE,TRUE
1848,NA,NA,NA,NA,NA,NA
1852,3.25,3.25,0,FALSE,FALSE,FALSE
1859,NA,NA,NA,NA,NA,NA
1860,NA,NA,NA,NA,NA,NA
1863,3,3.5,0.0909090909090909,FALSE,NA,FALSE
1864,NA,NA,NA,NA,NA,NA
1868,NA,3,0.181818181818182,FALSE,FALSE,FALSE
1869,NA,NA,NA,NA,NA,NA
1873,2.25,3.25,0,FALSE,FALSE,FALSE
1874,2.25,3.75,0.181818181818182,FALSE,FALSE,FALSE
1875,3,4,0.181818181818182,FALSE,NA,FALSE
1876,NA,NA,NA,NA,NA,NA
1878,2.75,4,0.0909090909090909,FALSE,TRUE,FALSE
1879,NA,NA,NA,NA,NA,NA
1880,NA,NA,NA,NA,NA,NA
1881,2.75,3,0.0909090909090909,FALSE,FALSE,FALSE
1883,2.75,3,0.181818181818182,FALSE,FALSE,FALSE
1884,NA,NA,NA,NA,NA,NA
1886,1.75,3.25,0.272727272727273,FALSE,TRUE,FALSE
1887,NA,NA,NA,NA,NA,NA
1888,2.75,2.75,0.0909090909090909,FALSE,FALSE,FALSE
1893,3.5,3.25,0,FALSE,FALSE,FALSE
1897,2.25,3,0.0909090909090909,FALSE,FALSE,FALSE
1900,1,3,0,FALSE,FALSE,FALSE
1903,3,3.75,0.454545454545455,FALSE,TRUE,FALSE
1906,1.75,3.5,0,FALSE,TRUE,FALSE
1907,3.25,3.5,0,FALSE,FALSE,FALSE
1909,3.5,3,0.0909090909090909,FALSE,FALSE,FALSE
1911,3.25,3.25,0.0909090909090909,FALSE,NA,TRUE
1912,3.5,3,0.454545454545455,FALSE,FALSE,TRUE
1916,NA,NA,NA,NA,NA,NA
1918,NA,NA,NA,NA,NA,NA
1920,1.75,3,0,FALSE,NA,FALSE
1921,NA,NA,NA,NA,NA,NA
1922,NA,NA,NA,NA,NA,NA
1927,4,3.5,0.0909090909090909,FALSE,TRUE,FALSE
1928,NA,1.5,0,FALSE,FALSE,FALSE
1932,2.25,4,0.272727272727273,FALSE,FALSE,FALSE
1933,2.25,3.25,0.363636363636364,FALSE,FALSE,FALSE
1936,NA,NA,NA,NA,NA,NA
1937,NA,NA,NA,NA,NA,NA
1938,NA,NA,NA,NA,NA,NA
1941,4,2.75,0.0909090909090909,FALSE,TRUE,FALSE
1942,2.25,4,0,FALSE,FALSE,FALSE
1950,NA,NA,NA,NA,NA,NA
1953,2.75,NA,0,FALSE,NA,FALSE
1954,2.25,3.75,0.0909090909090909,FALSE,FALSE,TRUE
1955,NA,3,0.0909090909090909,FALSE,FALSE,FALSE
1957,NA,NA,NA,NA,NA,NA
1958,3.25,3.25,0.272727272727273,TRUE,FALSE,FALSE
1960,NA,NA,NA,NA,NA,NA
1965,1.75,4,0.454545454545455,FALSE,FALSE,TRUE
1968,NA,NA,NA,NA,NA,NA
1969,NA,NA,NA,NA,NA,NA
1970,2.5,3.75,0.0909090909090909,FALSE,FALSE,TRUE
1972,NA,NA,NA,NA,NA,NA
1978,4,3.5,0,FALSE,FALSE,FALSE
1980,NA,NA,NA,NA,NA,NA
1981,3,3,0,FALSE,FALSE,FALSE
1992,2.75,3.5,0,FALSE,FALSE,FALSE
1993,NA,NA,NA,NA,NA,NA
1995,NA,3.25,0,FALSE,FALSE,FALSE
2001,NA,NA,NA,NA,NA,NA
2002,NA,NA,NA,NA,NA,NA
2006,3.25,4,0,FALSE,FALSE,FALSE
2007,NA,NA,NA,NA,NA,NA
2008,NA,NA,NA,NA,NA,NA
2012,3.25,3.25,0.363636363636364,FALSE,FALSE,TRUE
2014,3.5,3.75,0,FALSE,NA,FALSE
2015,2,3.25,0.363636363636364,FALSE,FALSE,FALSE
2020,4,3.75,0,FALSE,FALSE,FALSE
2022,NA,NA,NA,NA,NA,NA
2024,2.25,3.25,0,FALSE,FALSE,TRUE
2025,NA,NA,NA,NA,NA,NA
2027,2.5,4,0.0909090909090909,FALSE,FALSE,TRUE
2028,NA,NA,NA,NA,NA,NA
2030,2.75,4,0,FALSE,FALSE,FALSE
2032,3.25,4,0,FALSE,FALSE,FALSE
2033,NA,NA,NA,NA,NA,NA
2034,NA,NA,NA,NA,NA,NA
2035,NA,NA,NA,NA,NA,NA
2036,3.25,3.5,0.363636363636364,FALSE,FALSE,FALSE
2038,2.5,3.25,0.181818181818182,FALSE,FALSE,TRUE
2039,NA,3.5,0,FALSE,FALSE,FALSE
2041,3.25,3.75,0.181818181818182,FALSE,FALSE,TRUE
2045,NA,NA,NA,NA,NA,NA
2052,3.5,4,0,FALSE,FALSE,FALSE
2054,3.25,3.75,0.0909090909090909,FALSE,FALSE,FALSE
2055,NA,NA,NA,NA,NA,NA
2056,3.75,4,0,FALSE,FALSE,FALSE
2058,2.25,3,0,FALSE,TRUE,FALSE
2059,NA,NA,NA,NA,NA,NA
2062,3.5,4,0.454545454545455,FALSE,FALSE,FALSE
2063,NA,NA,NA,NA,NA,NA
2066,1.75,3,0,FALSE,FALSE,TRUE
2067,2.75,3,0.0909090909090909,FALSE,NA,FALSE
2069,1.75,3.75,0,FALSE,NA,FALSE
2070,3.25,4,0,FALSE,FALSE,FALSE
2071,3.25,3.5,0.181818181818182,FALSE,FALSE,TRUE
2073,NA,NA,NA,NA,NA,NA
2075,NA,3.5,0,FALSE,FALSE,FALSE
2076,NA,NA,NA,NA,NA,NA
2077,2.25,2.5,0,FALSE,FALSE,FALSE
2079,2.25,3.75,0.272727272727273,TRUE,FALSE,TRUE
2084,2.25,3.25,0.454545454545455,FALSE,FALSE,TRUE
2092,3.75,4,0,FALSE,NA,FALSE
2094,NA,2.75,0.363636363636364,FALSE,FALSE,TRUE
2095,2.25,2.75,0,FALSE,FALSE,FALSE
2097,NA,NA,NA,NA,NA,NA
2099,3.25,3.25,0,FALSE,FALSE,FALSE
2102,3.5,4,0,FALSE,NA,FALSE
2103,2.5,4,0.454545454545455,FALSE,NA,FALSE
2107,2.5,4,0,FALSE,NA,FALSE
2109,3.5,4,0,FALSE,NA,FALSE
2110,2.75,3.5,0,FALSE,FALSE,FALSE
2111,NA,NA,NA,NA,NA,NA
2114,NA,NA,NA,NA,NA,NA
2115,3.25,3.75,0.0909090909090909,FALSE,FALSE,FALSE
2117,1.75,4,0.272727272727273,FALSE,NA,FALSE
2118,3,3.75,0.0909090909090909,FALSE,TRUE,FALSE
2119,2.75,3.75,0,FALSE,FALSE,FALSE
2120,3.5,3,0,FALSE,FALSE,FALSE
2121,1.75,1.75,0,FALSE,NA,FALSE
2124,3.5,4,0,FALSE,FALSE,FALSE
2126,3.75,3.25,0.0909090909090909,FALSE,FALSE,FALSE
2128,NA,3.75,0,FALSE,FALSE,FALSE
2129,NA,NA,NA,NA,NA,NA
2130,3.5,3.75,0.0909090909090909,FALSE,TRUE,FALSE
2134,NA,2.75,0,FALSE,TRUE,FALSE
2135,NA,NA,NA,NA,NA,NA
2137,NA,3.5,0,FALSE,FALSE,FALSE
2140,1.75,3,0,FALSE,FALSE,FALSE
2141,NA,NA,NA,NA,NA,NA
2142,2.5,3.5,0,FALSE,FALSE,FALSE
2143,NA,NA,NA,NA,NA,NA
2144,NA,NA,NA,NA,NA,NA
2146,NA,NA,NA,NA,NA,NA
2147,NA,NA,NA,NA,NA,NA
2149,3,2.75,0,FALSE,FALSE,TRUE
2150,2.75,3.5,0.363636363636364,FALSE,TRUE,FALSE
2151,3.25,4,0,FALSE,FALSE,FALSE
2157,NA,NA,NA,NA,NA,NA
2160,3,3,0,FALSE,FALSE,FALSE
2162,NA,NA,NA,NA,NA,NA
2165,NA,3.75,0,FALSE,TRUE,FALSE
2166,3.75,2.75,0.181818181818182,FALSE,NA,TRUE
2169,NA,3.75,0.0909090909090909,FALSE,FALSE,TRUE
2171,NA,NA,NA,NA,NA,NA
2174,2.5,3.25,0.0909090909090909,FALSE,FALSE,FALSE
2175,2.5,2.5,0,FALSE,TRUE,FALSE
2177,3.75,3.25,0,FALSE,FALSE,TRUE
2180,3.75,3.5,0,FALSE,NA,FALSE
2181,NA,3.25,0,FALSE,TRUE,FALSE
2182,2,3,0,FALSE,FALSE,FALSE
2184,NA,NA,NA,NA,NA,NA
2185,3,3.75,0.363636363636364,FALSE,TRUE,FALSE
2186,1.75,4,0.0909090909090909,FALSE,FALSE,FALSE
2189,3.5,3.25,0,FALSE,FALSE,FALSE
2190,1.75,3.75,0.0909090909090909,FALSE,NA,FALSE
2193,3.25,3.25,0.181818181818182,FALSE,TRUE,FALSE
2194,NA,NA,NA,NA,NA,NA
2195,NA,NA,NA,NA,NA,NA
2196,NA,NA,NA,NA,NA,NA
2197,1.75,2.75,0.272727272727273,FALSE,FALSE,FALSE
2200,3.75,3.75,0,FALSE,FALSE,FALSE
2203,3,3.5,0.181818181818182,FALSE,FALSE,FALSE
2206,NA,NA,NA,NA,NA,NA
2207,1.5,3,0,FALSE,TRUE,FALSE
2208,NA,NA,NA,NA,NA,NA
2209,4,3.75,0.181818181818182,FALSE,FALSE,FALSE
2213,2.75,3.5,0,FALSE,TRUE,FALSE
2215,1.75,3.75,0.0909090909090909,FALSE,FALSE,FALSE
2216,NA,3.75,0.181818181818182,FALSE,TRUE,FALSE
2217,3,3.5,0.0909090909090909,FALSE,TRUE,FALSE
2221,NA,3,0.272727272727273,FALSE,TRUE,FALSE
2223,NA,NA,NA,NA,NA,NA
2227,3,3.75,0.0909090909090909,FALSE,FALSE,FALSE
2228,2.5,3,0.363636363636364,FALSE,FALSE,FALSE
2232,NA,3,0.0909090909090909,FALSE,FALSE,TRUE
2233,3,3.25,0.363636363636364,FALSE,NA,FALSE
2234,2.75,3.75,0.181818181818182,FALSE,FALSE,FALSE
2235,2.75,3.75,0.454545454545455,FALSE,NA,FALSE
2236,3.25,3.25,0,FALSE,NA,FALSE
2239,2.75,3.5,0,FALSE,FALSE,FALSE
2241,NA,NA,NA,NA,NA,NA
2248,2.75,3.25,0,FALSE,FALSE,TRUE
2249,3.5,3.5,0,FALSE,TRUE,TRUE
2255,NA,4,0.272727272727273,FALSE,TRUE,TRUE
2256,NA,2.25,0,FALSE,FALSE,FALSE
2257,NA,NA,NA,NA,NA,NA
2258,NA,NA,NA,NA,NA,NA
2259,NA,NA,NA,NA,NA,NA
2260,2.75,3,0,FALSE,FALSE,FALSE
2261,NA,NA,NA,NA,NA,NA
2263,NA,NA,NA,NA,NA,NA
2264,NA,NA,NA,NA,NA,NA
2265,2.5,3,0.454545454545455,FALSE,FALSE,FALSE
2266,3.75,3.75,0.454545454545455,FALSE,NA,FALSE
2268,NA,NA,NA,NA,NA,NA
2271,NA,NA,NA,NA,NA,NA
2273,3,3.5,0,FALSE,FALSE,TRUE
2274,4,3.75,0.545454545454545,FALSE,TRUE,TRUE
2279,NA,3,0.0909090909090909,FALSE,NA,FALSE
2283,NA,NA,NA,NA,NA,NA
2285,NA,NA,NA,NA,NA,NA
2287,NA,NA,NA,NA,NA,NA
2289,2,3.75,0,FALSE,FALSE,TRUE
2290,NA,NA,NA,NA,NA,NA
2292,NA,NA,NA,NA,NA,NA
2294,4,4,0,FALSE,FALSE,FALSE
2295,NA,NA,NA,NA,NA,NA
2296,NA,NA,NA,NA,NA,NA
2297,NA,NA,NA,NA,NA,NA
2298,2.5,3.5,0.181818181818182,FALSE,NA,FALSE
2301,NA,NA,NA,NA,NA,NA
2302,2.25,3.25,0.454545454545455,FALSE,FALSE,TRUE
2305,4,3.5,0,FALSE,FALSE,TRUE
2307,NA,NA,NA,NA,NA,NA
2309,NA,NA,NA,NA,NA,NA
2310,4,4,0,FALSE,FALSE,FALSE
2311,NA,NA,NA,NA,NA,NA
2313,NA,NA,NA,NA,NA,NA
2317,2.25,3,0.363636363636364,TRUE,FALSE,FALSE
2321,2.75,3.5,0,FALSE,FALSE,TRUE
2322,2.25,3.25,0.181818181818182,FALSE,FALSE,FALSE
2324,2,3,0,FALSE,FALSE,TRUE
2325,3.25,3.5,0,FALSE,FALSE,FALSE
2326,4,3.75,0,FALSE,FALSE,FALSE
2328,NA,NA,NA,NA,NA,NA
2329,NA,NA,NA,NA,NA,NA
2332,NA,NA,NA,NA,NA,NA
2333,1,3.25,0.0909090909090909,FALSE,FALSE,FALSE
2335,NA,NA,NA,NA,NA,NA
2336,2.75,4,0.181818181818182,FALSE,FALSE,FALSE
2338,NA,1.25,0.181818181818182,FALSE,FALSE,FALSE
2339,2,2.5,0,FALSE,NA,FALSE
2342,NA,NA,NA,NA,NA,NA
2344,NA,NA,NA,NA,NA,NA
2345,NA,NA,NA,NA,NA,NA
2346,2.25,3.25,0.272727272727273,FALSE,FALSE,FALSE
2348,2,3,0,FALSE,FALSE,FALSE
2350,2.5,2.5,0.363636363636364,FALSE,FALSE,FALSE
2351,2.25,3.75,0,FALSE,FALSE,FALSE
2353,NA,NA,NA,NA,NA,NA
2354,NA,NA,NA,NA,NA,NA
2355,NA,NA,NA,NA,NA,NA
2356,NA,NA,NA,NA,NA,NA
2357,3,3,0,FALSE,FALSE,FALSE
2358,1.75,2.75,0.272727272727273,FALSE,FALSE,FALSE
2361,3,3.75,0,FALSE,FALSE,FALSE
2362,2.75,2.5,0.363636363636364,TRUE,TRUE,TRUE
2363,NA,NA,NA,NA,NA,NA
2366,3,3.75,0.272727272727273,FALSE,TRUE,FALSE
2367,NA,NA,NA,NA,NA,NA
2369,2.5,4,0,FALSE,FALSE,TRUE
2370,3,3.25,0,FALSE,TRUE,TRUE
2372,2.25,3.25,0.363636363636364,FALSE,TRUE,TRUE
2373,NA,3,0.0909090909090909,FALSE,FALSE,FALSE
2374,3.5,4,0,FALSE,FALSE,FALSE
2375,NA,NA,NA,NA,NA,NA
2376,3.5,4,0,FALSE,FALSE,TRUE
2379,NA,NA,NA,NA,NA,NA
2380,NA,3.5,0.181818181818182,FALSE,FALSE,FALSE
2382,NA,NA,NA,NA,NA,NA
2383,2,2.5,0,FALSE,FALSE,FALSE
2384,NA,NA,NA,NA,NA,NA
2385,2.75,3.25,0,FALSE,FALSE,FALSE
2386,NA,4,0.636363636363636,TRUE,NA,FALSE
2387,NA,NA,NA,NA,NA,NA
2389,2.25,3.75,0.545454545454545,FALSE,FALSE,FALSE
2395,NA,NA,NA,NA,NA,NA
2397,NA,2.75,0.363636363636364,FALSE,FALSE,FALSE
2398,3.25,2.75,0.0909090909090909,FALSE,FALSE,FALSE
2399,NA,NA,NA,NA,NA,NA
2403,2.75,3.75,0,FALSE,NA,FALSE
2406,3.25,3,0.272727272727273,FALSE,FALSE,FALSE
2407,3.25,3.25,0,FALSE,FALSE,TRUE
2409,NA,3,0.181818181818182,FALSE,FALSE,FALSE
2410,NA,NA,NA,NA,NA,NA
2411,3.25,2.25,0.0909090909090909,FALSE,FALSE,FALSE
2412,2.25,3.75,0.545454545454545,FALSE,FALSE,TRUE
2415,NA,NA,NA,NA,NA,NA
2418,NA,2.75,0,FALSE,FALSE,FALSE
2420,2.5,4,0,FALSE,FALSE,FALSE
2422,2.5,3,0,FALSE,FALSE,TRUE
2423,NA,NA,NA,NA,NA,NA
2424,NA,NA,NA,NA,NA,NA
2426,NA,3.75,0,FALSE,FALSE,FALSE
2427,2.5,3.75,0.272727272727273,FALSE,FALSE,FALSE
2430,3.75,3.75,0,FALSE,TRUE,TRUE
2431,NA,NA,NA,NA,NA,NA
2432,NA,NA,NA,NA,NA,NA
2434,4,3.75,0,FALSE,FALSE,FALSE
2436,4,3.25,0,FALSE,FALSE,FALSE
2438,NA,NA,NA,NA,NA,NA
2439,NA,NA,NA,NA,NA,NA
2441,4,3.5,0,FALSE,FALSE,TRUE
2443,NA,NA,0,FALSE,FALSE,FALSE
2444,NA,NA,NA,NA,NA,NA
2448,2.75,3.25,0,FALSE,FALSE,TRUE
2449,2.75,4,0,FALSE,FALSE,FALSE
2453,3.75,4,0.363636363636364,FALSE,TRUE,TRUE
2455,3.25,4,0.0909090909090909,FALSE,TRUE,TRUE
2456,NA,3.75,0,FALSE,NA,FALSE
2457,NA,NA,NA,NA,NA,NA
2459,NA,NA,NA,NA,NA,NA
2460,1.5,2.5,0.272727272727273,FALSE,FALSE,FALSE
2461,NA,NA,NA,NA,NA,NA
2465,2.25,4,0,FALSE,FALSE,FALSE
2466,NA,NA,NA,NA,NA,NA
2468,2.5,3.75,0.0909090909090909,FALSE,NA,FALSE
2469,NA,3,0.636363636363636,TRUE,FALSE,FALSE
2470,NA,3,0,FALSE,TRUE,FALSE
2473,NA,4,0.0909090909090909,FALSE,NA,FALSE
2476,NA,NA,NA,NA,NA,NA
2477,2,4,0,FALSE,TRUE,FALSE
2479,NA,4,0,FALSE,FALSE,TRUE
2480,NA,NA,NA,NA,NA,NA
2481,3.75,3.5,0,FALSE,NA,FALSE
2483,3.25,2.5,0,FALSE,FALSE,FALSE
2489,2.75,3,0.363636363636364,FALSE,FALSE,FALSE
2490,2.5,3.25,0.181818181818182,FALSE,TRUE,TRUE
2491,2.5,3.25,0,FALSE,FALSE,FALSE
2494,3,3.25,0.0909090909090909,FALSE,FALSE,FALSE
2497,3.75,3.5,0,FALSE,NA,FALSE
2498,NA,NA,NA,NA,NA,NA
2499,NA,NA,NA,NA,NA,NA
2500,NA,4,0,TRUE,TRUE,TRUE
2501,NA,NA,NA,NA,NA,NA
2502,3.75,4,0,FALSE,FALSE,FALSE
2503,3,4,0.0909090909090909,FALSE,FALSE,TRUE
2504,NA,3,0.0909090909090909,FALSE,TRUE,TRUE
2505,2.25,3,0,FALSE,FALSE,TRUE
2507,NA,NA,NA,NA,NA,NA
2508,NA,NA,NA,NA,NA,NA
2512,2.5,4,0,FALSE,FALSE,TRUE
2516,3.25,4,0.363636363636364,FALSE,FALSE,TRUE
2517,NA,3.5,0.0909090909090909,FALSE,TRUE,FALSE
2521,NA,NA,NA,NA,NA,NA
2522,3.25,4,0,FALSE,FALSE,FALSE
2523,2.75,3.75,0.181818181818182,FALSE,FALSE,FALSE
2524,NA,NA,NA,NA,NA,NA
2525,3.25,4,0,FALSE,FALSE,FALSE
2526,2,2.5,0,FALSE,FALSE,FALSE
2527,3.5,3.25,0,FALSE,NA,FALSE
2531,3.25,2.75,0,FALSE,FALSE,FALSE
2533,NA,NA,0,FALSE,FALSE,FALSE
2536,4,4,0.0909090909090909,FALSE,FALSE,FALSE
2537,NA,3.5,0,FALSE,FALSE,FALSE
2540,NA,NA,NA,NA,NA,NA
2541,NA,NA,NA,NA,NA,NA
2542,2.75,3.25,0,FALSE,FALSE,FALSE
2543,3.5,3.5,NA,NA,NA,NA
2544,4,3,0,FALSE,FALSE,FALSE
2545,NA,3,0,FALSE,FALSE,FALSE
2546,2,2.75,0.0909090909090909,TRUE,TRUE,TRUE
2553,NA,NA,NA,NA,NA,NA
2554,NA,NA,NA,NA,NA,NA
2556,3.25,3.5,0.272727272727273,FALSE,TRUE,TRUE
2558,4,3,0,FALSE,FALSE,TRUE
2560,4,4,0,FALSE,FALSE,FALSE
2561,NA,NA,NA,NA,NA,NA
2562,NA,NA,NA,NA,NA,NA
2565,NA,3.75,0.0909090909090909,FALSE,FALSE,TRUE
2567,NA,NA,NA,NA,NA,NA
2569,3,3,0,FALSE,FALSE,FALSE
2570,NA,NA,NA,NA,NA,NA
2571,1.75,3.75,0.454545454545455,FALSE,FALSE,TRUE
2572,4,3.75,0.272727272727273,FALSE,FALSE,FALSE
2576,3.5,3.5,0,FALSE,FALSE,TRUE
2577,NA,NA,NA,NA,NA,NA
2579,2.75,2.75,0,FALSE,FALSE,FALSE
2580,2.5,3.5,0,FALSE,FALSE,FALSE
2583,4,4,0,FALSE,FALSE,FALSE
2585,2.75,2.75,0,FALSE,FALSE,TRUE
2587,3.5,3.25,0,FALSE,FALSE,FALSE
2588,NA,NA,NA,NA,NA,NA
2589,2,3.25,0.363636363636364,FALSE,FALSE,FALSE
2590,2.75,3.75,0,FALSE,FALSE,TRUE
2594,3,4,0,FALSE,FALSE,TRUE
2595,2.75,3.5,0,FALSE,TRUE,TRUE
2596,NA,NA,0,FALSE,FALSE,TRUE
2598,NA,3,0,FALSE,FALSE,FALSE
2604,NA,2,0.181818181818182,FALSE,TRUE,FALSE
2606,NA,NA,NA,NA,NA,NA
2609,2.75,4,0,FALSE,TRUE,FALSE
2610,3.25,4,0,FALSE,FALSE,TRUE
2611,2.25,3.25,0.0909090909090909,FALSE,FALSE,FALSE
2612,2.75,3,0,FALSE,NA,FALSE
2613,NA,NA,NA,NA,NA,NA
2615,2.25,3,0.545454545454545,FALSE,FALSE,FALSE
2620,NA,3,0,FALSE,FALSE,FALSE
2624,NA,NA,NA,NA,NA,NA
2625,3,3.75,0,FALSE,FALSE,FALSE
2628,1.75,3.25,0.545454545454545,FALSE,NA,FALSE
2629,2.25,3.5,0,FALSE,FALSE,FALSE
2630,NA,3.5,0,FALSE,TRUE,FALSE
2631,NA,4,0,FALSE,FALSE,FALSE
2632,NA,NA,NA,NA,NA,NA
2633,NA,NA,NA,NA,NA,NA
2634,2.75,3.5,0,FALSE,FALSE,FALSE
2635,NA,NA,NA,NA,NA,NA
2640,NA,NA,NA,NA,NA,NA
2641,NA,NA,NA,NA,NA,NA
2644,3,4,0,TRUE,TRUE,TRUE
2645,2.75,2,0,FALSE,FALSE,FALSE
2646,3,4,0.0909090909090909,FALSE,FALSE,TRUE
2647,NA,4,0.545454545454545,FALSE,TRUE,TRUE
2649,3.75,3,0.0909090909090909,FALSE,TRUE,TRUE
2651,2.25,3.25,0,FALSE,FALSE,FALSE
2652,3.5,3.5,0.454545454545455,FALSE,TRUE,TRUE
2653,2,3,0.545454545454545,TRUE,NA,FALSE
2655,2.5,3.75,0,FALSE,FALSE,FALSE
2656,4,3.5,0,FALSE,FALSE,FALSE
2657,2.5,3.25,0,FALSE,FALSE,FALSE
2658,4,2.75,0,FALSE,FALSE,TRUE
2660,NA,3.5,0,FALSE,FALSE,FALSE
2661,2.25,3.25,0.0909090909090909,FALSE,NA,FALSE
2664,2.5,3.25,0.363636363636364,FALSE,FALSE,TRUE
2668,2.75,2.25,0,FALSE,TRUE,TRUE
2669,3.5,4,NA,NA,NA,NA
2670,3.25,3.25,0.454545454545455,FALSE,FALSE,TRUE
2674,2,3.25,0,FALSE,NA,FALSE
2675,NA,NA,NA,NA,NA,NA
2678,NA,NA,NA,NA,NA,NA
2679,NA,NA,NA,NA,NA,NA
2681,NA,NA,0.0909090909090909,FALSE,FALSE,FALSE
2683,NA,NA,NA,NA,NA,NA
2684,3.25,3.25,0,FALSE,FALSE,FALSE
2686,NA,3.5,0.454545454545455,FALSE,TRUE,TRUE
2688,NA,NA,NA,NA,NA,NA
2689,4,3,0,FALSE,FALSE,FALSE
2693,1.75,2.25,0.0909090909090909,FALSE,FALSE,FALSE
2695,NA,NA,NA,NA,NA,NA
2696,2.25,3.75,0,FALSE,TRUE,TRUE
2700,NA,NA,NA,NA,NA,NA
2704,NA,NA,NA,NA,NA,NA
2705,2.75,2.5,0,FALSE,FALSE,TRUE
2710,NA,NA,NA,NA,NA,NA
2714,2.75,3.25,0.0909090909090909,FALSE,TRUE,TRUE
2716,NA,NA,NA,NA,NA,NA
2718,NA,NA,NA,NA,NA,NA
2719,3.5,3,0,TRUE,TRUE,FALSE
2721,NA,NA,NA,NA,NA,NA
2723,4,3,0,FALSE,FALSE,TRUE
2725,2.25,3.25,0.272727272727273,FALSE,NA,FALSE
2727,NA,NA,NA,NA,NA,NA
2729,NA,NA,NA,NA,NA,NA
2730,NA,3,0.0909090909090909,FALSE,TRUE,FALSE
2731,3,3.25,0,FALSE,NA,FALSE
2734,3.75,NA,0,FALSE,NA,FALSE
2735,NA,NA,NA,NA,NA,NA
2736,NA,4,0,FALSE,FALSE,FALSE
2742,2,3.25,0.0909090909090909,FALSE,FALSE,TRUE
2743,2.75,4,0,FALSE,FALSE,TRUE
2746,NA,NA,NA,NA,NA,NA
2748,NA,NA,NA,NA,NA,NA
2750,3,4,0.272727272727273,FALSE,NA,FALSE
2751,4,4,0.0909090909090909,FALSE,TRUE,TRUE
2752,NA,NA,NA,NA,NA,NA
2753,2.5,4,0.272727272727273,FALSE,FALSE,TRUE
2755,4,4,0,FALSE,NA,FALSE
2757,3.25,3,0,FALSE,FALSE,FALSE
2759,NA,NA,NA,NA,NA,NA
2762,3,3.75,0,FALSE,TRUE,FALSE
2764,3,3.75,0.181818181818182,FALSE,FALSE,TRUE
2765,NA,NA,NA,NA,NA,NA
2766,NA,NA,NA,NA,NA,NA
2767,2.25,3.25,0.0909090909090909,FALSE,FALSE,FALSE
2768,3.75,3.25,0.181818181818182,FALSE,FALSE,FALSE
2769,2.5,3.25,0,FALSE,FALSE,FALSE
2773,NA,NA,NA,NA,NA,NA
2775,2.5,3.25,0,FALSE,FALSE,TRUE
2776,3.25,4,0,FALSE,FALSE,FALSE
2777,3.5,3.25,0,FALSE,FALSE,FALSE
2778,NA,3.5,0,FALSE,TRUE,FALSE
2783,NA,NA,NA,NA,NA,NA
2785,NA,NA,NA,NA,NA,NA
2786,NA,NA,NA,NA,NA,NA
2787,3.5,3.5,0.454545454545455,FALSE,FALSE,FALSE
2788,1.5,3.25,0.181818181818182,FALSE,TRUE,FALSE
2789,3.25,3.5,0,FALSE,FALSE,FALSE
2792,NA,NA,NA,NA,NA,NA
2796,2.75,4,0,FALSE,FALSE,FALSE
2798,2,4,0.363636363636364,FALSE,NA,FALSE
2799,3.25,4,0,FALSE,FALSE,FALSE
2800,2.5,3,0,FALSE,FALSE,FALSE
2801,2.75,4,0.363636363636364,FALSE,NA,FALSE
2802,NA,NA,NA,NA,NA,NA
2803,3.25,4,0.0909090909090909,FALSE,FALSE,FALSE
2804,NA,NA,NA,NA,NA,NA
2805,3,4,0.0909090909090909,FALSE,FALSE,FALSE
2806,NA,NA,NA,NA,NA,NA
2808,2.5,3.5,0.0909090909090909,FALSE,NA,TRUE
2809,2.5,4,0,FALSE,NA,FALSE
2811,NA,NA,NA,NA,NA,NA
2812,2.75,4,0,FALSE,FALSE,FALSE
2814,NA,NA,NA,NA,NA,NA
2815,NA,NA,NA,NA,NA,NA
2816,NA,4,0,FALSE,FALSE,FALSE
2819,NA,NA,NA,NA,NA,NA
2825,2.25,3,0,FALSE,NA,FALSE
2827,2.5,3.5,0,FALSE,FALSE,FALSE
2830,NA,NA,0,FALSE,NA,FALSE
2833,3,4,0,FALSE,FALSE,FALSE
2835,NA,NA,NA,NA,NA,NA
2836,2.5,4,0,FALSE,FALSE,FALSE
2838,NA,NA,NA,NA,NA,NA
2843,1,3.75,0,FALSE,FALSE,FALSE
2844,3.25,3.25,0,FALSE,NA,FALSE
2845,3.25,4,0.181818181818182,FALSE,FALSE,FALSE
2847,NA,NA,NA,NA,NA,NA
2850,1.25,2,0,FALSE,FALSE,FALSE
2852,2.25,3.25,0,FALSE,NA,FALSE
2853,NA,NA,NA,NA,NA,NA
2855,3.25,4,0,FALSE,FALSE,FALSE
2857,NA,NA,NA,NA,NA,NA
2860,NA,NA,NA,NA,NA,NA
2861,NA,NA,NA,NA,NA,NA
2863,3.25,3.75,0.181818181818182,FALSE,NA,FALSE
2864,3.25,2.5,0.181818181818182,FALSE,NA,FALSE
2865,NA,3.25,0.0909090909090909,FALSE,NA,FALSE
2867,1.5,3.5,0,FALSE,FALSE,TRUE
2869,2.5,3.25,0,FALSE,NA,FALSE
2873,NA,NA,NA,NA,NA,NA
2874,NA,2.75,0.0909090909090909,FALSE,FALSE,FALSE
2875,NA,NA,NA,NA,NA,NA
2877,3.5,3.5,0.0909090909090909,FALSE,TRUE,FALSE
2879,2.75,4,0,FALSE,FALSE,FALSE
2880,NA,NA,NA,NA,NA,NA
2882,3,2.75,0,FALSE,FALSE,FALSE
2884,3.5,3,0.181818181818182,FALSE,FALSE,FALSE
2886,NA,NA,NA,NA,NA,NA
2888,NA,NA,NA,NA,NA,NA
2892,4,4,0,FALSE,FALSE,FALSE
2895,3.75,3,0,FALSE,FALSE,FALSE
2898,NA,3.25,0.0909090909090909,FALSE,TRUE,FALSE
2900,2.5,2.5,0.545454545454545,FALSE,FALSE,TRUE
2901,3,3.75,0,FALSE,FALSE,FALSE
2905,2.25,3.25,0,FALSE,NA,FALSE
2906,3.5,4,0,FALSE,FALSE,FALSE
2907,3.75,3.5,0,FALSE,FALSE,TRUE
2910,2.25,3.25,0.272727272727273,FALSE,FALSE,TRUE
2911,NA,4,0.272727272727273,TRUE,NA,FALSE
2912,3,3.5,0.0909090909090909,FALSE,FALSE,FALSE
2918,2.75,3.25,0.0909090909090909,FALSE,TRUE,FALSE
2920,2.75,3.75,0.545454545454545,TRUE,FALSE,FALSE
2929,1.75,3.25,0,FALSE,FALSE,FALSE
2931,3,3.5,0.0909090909090909,FALSE,TRUE,FALSE
2933,3.25,4,0.0909090909090909,TRUE,FALSE,FALSE
2934,NA,NA,NA,NA,NA,NA
2936,NA,NA,NA,NA,NA,NA
2940,NA,NA,0.181818181818182,FALSE,TRUE,FALSE
2941,NA,NA,0,FALSE,TRUE,FALSE
2943,2,3.75,0.0909090909090909,FALSE,TRUE,FALSE
2946,4,4,0.454545454545455,FALSE,FALSE,TRUE
2947,2.75,4,0,FALSE,FALSE,TRUE
2948,NA,3.25,0.0909090909090909,FALSE,FALSE,FALSE
2952,NA,NA,NA,NA,NA,NA
2954,4,3.5,0,FALSE,NA,FALSE
2957,NA,NA,NA,NA,NA,NA
2958,2,2.75,0,FALSE,FALSE,FALSE
2962,3.25,2,0,FALSE,FALSE,TRUE
2964,2.5,3.25,0.272727272727273,FALSE,TRUE,FALSE
2968,3.5,3,0.0909090909090909,FALSE,NA,TRUE
2970,NA,NA,NA,NA,NA,NA
2971,NA,NA,NA,NA,NA,NA
2972,NA,3,0.0909090909090909,FALSE,FALSE,FALSE
2973,1.75,3,0,FALSE,FALSE,FALSE
2974,2.25,3.5,0.0909090909090909,FALSE,FALSE,FALSE
2975,3.25,3.25,0.181818181818182,FALSE,FALSE,FALSE
2976,NA,NA,NA,NA,NA,NA
2978,NA,NA,NA,NA,NA,NA
2979,NA,NA,NA,NA,NA,NA
2983,2.5,3.75,0,FALSE,TRUE,FALSE
2986,4,4,0,FALSE,NA,FALSE
2987,NA,4,0.272727272727273,FALSE,FALSE,FALSE
2988,NA,3.25,0.0909090909090909,FALSE,NA,FALSE
2989,2.75,2.5,0,FALSE,FALSE,FALSE
2991,1,2.5,0,FALSE,NA,FALSE
2992,NA,NA,NA,NA,NA,NA
2995,NA,NA,NA,NA,NA,NA
2996,NA,NA,NA,NA,NA,NA
2997,NA,NA,0,FALSE,NA,FALSE
2998,2.25,3.25,0.545454545454545,FALSE,TRUE,FALSE
3002,3,3.75,0.0909090909090909,FALSE,TRUE,TRUE
3003,2.75,2.75,0.181818181818182,FALSE,FALSE,TRUE
3005,3.25,3.25,0,FALSE,TRUE,FALSE
3010,3.25,3.5,0.0909090909090909,FALSE,TRUE,FALSE
3011,4,3,0,FALSE,FALSE,FALSE
3012,2.25,4,0,FALSE,FALSE,TRUE
3013,NA,NA,NA,NA,NA,NA
3015,3.75,3.5,0,TRUE,FALSE,FALSE
3017,3.25,4,0,FALSE,FALSE,FALSE
3018,3.25,3.5,0,FALSE,NA,FALSE
3020,NA,3.5,0.0909090909090909,FALSE,NA,FALSE
3022,NA,NA,NA,NA,NA,NA
3023,4,3.75,0.0909090909090909,FALSE,FALSE,FALSE
3025,NA,NA,NA,NA,NA,NA
3026,3.25,3.25,0.454545454545455,FALSE,FALSE,FALSE
3029,2.75,3,0,FALSE,FALSE,FALSE
3030,NA,NA,NA,NA,NA,NA
3032,2.25,4,0.181818181818182,FALSE,FALSE,TRUE
3034,2.25,3,0.0909090909090909,FALSE,TRUE,FALSE
3035,1.75,3,0.272727272727273,FALSE,FALSE,FALSE
3038,1.75,2,0,FALSE,FALSE,FALSE
3039,2,4,0.545454545454545,FALSE,NA,FALSE
3042,2.5,NA,0.181818181818182,FALSE,TRUE,FALSE
3043,NA,3.5,0.454545454545455,TRUE,TRUE,FALSE
3046,NA,3.25,0,FALSE,FALSE,FALSE
3047,2.75,3,0,FALSE,FALSE,FALSE
3049,NA,3,0,FALSE,TRUE,FALSE
3052,2.5,3,0.181818181818182,FALSE,FALSE,FALSE
3053,3.5,3.25,0,FALSE,NA,FALSE
3056,NA,NA,NA,NA,NA,NA
3057,NA,NA,NA,NA,NA,NA
3058,3.5,3,0.181818181818182,FALSE,FALSE,FALSE
3059,1.5,4,0,FALSE,FALSE,FALSE
3061,NA,3.25,0,FALSE,FALSE,FALSE
3063,2.5,3,0,TRUE,FALSE,FALSE
3064,NA,NA,NA,NA,NA,NA
3068,NA,NA,NA,NA,NA,NA
3070,NA,NA,NA,NA,NA,NA
3071,2,3.75,0,FALSE,FALSE,FALSE
3074,3,3.5,0,FALSE,FALSE,FALSE
3076,1.75,2.75,0,FALSE,TRUE,FALSE
3077,2.25,3,0,FALSE,TRUE,FALSE
3078,NA,NA,NA,NA,NA,NA
3080,3.5,4,0,FALSE,FALSE,FALSE
3081,3.75,3,0,FALSE,FALSE,TRUE
3083,2.75,3.5,0.363636363636364,FALSE,NA,TRUE
3084,2.5,4,0,FALSE,FALSE,FALSE
3085,NA,NA,NA,NA,NA,NA
3086,NA,NA,NA,NA,NA,NA
3087,2.75,3,0.181818181818182,FALSE,TRUE,FALSE
3088,2,2.25,0,FALSE,FALSE,FALSE
3089,2.25,3,0.272727272727273,FALSE,TRUE,FALSE
3096,NA,NA,NA,NA,NA,NA
3101,2.5,4,0.363636363636364,FALSE,TRUE,FALSE
3102,2.5,3,0.363636363636364,FALSE,TRUE,FALSE
3103,NA,4,0,NA,FALSE,TRUE
3105,2,4,0,FALSE,NA,FALSE
3106,2.5,3.25,0,FALSE,FALSE,TRUE
3107,1.5,3.25,0.181818181818182,FALSE,FALSE,FALSE
3109,3,3.75,0.454545454545455,FALSE,TRUE,FALSE
3110,NA,3.5,0,TRUE,FALSE,FALSE
3111,NA,NA,NA,NA,NA,NA
3112,NA,NA,NA,NA,NA,NA
3113,3.5,4,0.454545454545455,FALSE,TRUE,TRUE
3116,NA,NA,NA,NA,NA,NA
3117,3,3,0.272727272727273,FALSE,FALSE,TRUE
3121,NA,NA,NA,NA,NA,NA
3126,3.25,3.25,0.454545454545455,FALSE,FALSE,FALSE
3128,NA,NA,NA,NA,NA,NA
3129,NA,NA,NA,NA,NA,NA
3130,NA,4,0.272727272727273,FALSE,FALSE,FALSE
3131,2,3,0,FALSE,FALSE,FALSE
3134,NA,NA,NA,NA,NA,NA
3137,NA,3.25,0,FALSE,FALSE,FALSE
3138,2.5,3.75,0.0909090909090909,FALSE,TRUE,TRUE
3141,2.75,4,0.272727272727273,FALSE,FALSE,TRUE
3143,NA,NA,NA,NA,NA,NA
3144,NA,3.25,0,FALSE,FALSE,TRUE
3148,2.75,4,0,FALSE,FALSE,FALSE
3151,3.5,3,0.0909090909090909,FALSE,FALSE,FALSE
3152,NA,NA,NA,NA,NA,NA
3155,3.75,3,0,FALSE,FALSE,TRUE
3159,3.75,4,0.545454545454545,FALSE,TRUE,FALSE
3160,NA,NA,NA,NA,NA,NA
3161,NA,NA,NA,NA,NA,NA
3162,1.75,2,0.0909090909090909,FALSE,FALSE,FALSE
3166,NA,NA,NA,NA,NA,NA
3167,1.5,3.25,0.636363636363636,TRUE,TRUE,FALSE
3169,NA,NA,NA,NA,NA,NA
3170,2.75,4,0.0909090909090909,FALSE,TRUE,TRUE
3173,NA,NA,NA,NA,NA,NA
3175,2.75,3.25,0.0909090909090909,FALSE,FALSE,FALSE
3177,1.5,3.25,0.0909090909090909,FALSE,TRUE,TRUE
3179,4,4,0,FALSE,FALSE,FALSE
3180,NA,2.25,0.181818181818182,FALSE,FALSE,FALSE
3184,NA,NA,NA,NA,NA,NA
3185,NA,NA,NA,NA,NA,NA
3186,3.25,3.25,0,FALSE,TRUE,TRUE
3190,2,3.25,0,FALSE,FALSE,FALSE
3191,NA,NA,NA,NA,NA,NA
3193,3.5,3.25,0,FALSE,FALSE,FALSE
3196,NA,NA,NA,NA,NA,NA
3198,3.5,3.5,0,FALSE,FALSE,FALSE
3200,2.75,4,0.0909090909090909,FALSE,NA,FALSE
3201,2.5,4,0.181818181818182,FALSE,FALSE,FALSE
3202,3.5,3.5,0,FALSE,NA,FALSE
3204,NA,NA,NA,NA,NA,NA
3206,2.25,3.25,0.0909090909090909,FALSE,FALSE,FALSE
3208,NA,NA,0,FALSE,FALSE,FALSE
3210,NA,NA,NA,NA,NA,NA
3214,NA,NA,NA,NA,NA,NA
3216,NA,NA,NA,NA,NA,NA
3219,2,3.5,0.0909090909090909,FALSE,FALSE,FALSE
3221,NA,3,0,FALSE,TRUE,FALSE
3223,3,3.75,0.363636363636364,FALSE,TRUE,FALSE
3224,3.75,3.25,0,FALSE,TRUE,FALSE
3225,3.25,2.5,0.181818181818182,FALSE,FALSE,TRUE
3226,NA,NA,NA,NA,NA,NA
3230,2.75,3.25,0,FALSE,FALSE,FALSE
3231,3,3.75,0.0909090909090909,FALSE,FALSE,FALSE
3232,1.5,2.5,0,FALSE,TRUE,FALSE
3236,3.25,4,0,FALSE,FALSE,FALSE
3237,2.25,2.25,0,FALSE,NA,FALSE
3238,3,2.75,0.272727272727273,FALSE,NA,FALSE
3239,NA,3.25,0,FALSE,TRUE,FALSE
3241,3,3.25,0,FALSE,FALSE,TRUE
3243,NA,3.5,0.545454545454545,FALSE,TRUE,FALSE
3246,NA,NA,NA,NA,NA,NA
3249,3,3.5,0.181818181818182,FALSE,FALSE,TRUE
3252,2.75,4,0,FALSE,FALSE,FALSE
3254,2.5,3.25,0,FALSE,FALSE,FALSE
3257,NA,NA,NA,NA,NA,NA
3263,2.25,2.75,0.454545454545455,FALSE,FALSE,FALSE
3265,NA,NA,NA,NA,NA,NA
3268,2.25,3.5,0.545454545454545,FALSE,TRUE,TRUE
3270,NA,NA,NA,NA,NA,NA
3271,4,3.25,0,FALSE,FALSE,FALSE
3272,3.25,3.25,0,FALSE,FALSE,FALSE
3273,4,3.75,0.0909090909090909,FALSE,FALSE,FALSE
3274,NA,NA,NA,NA,NA,NA
3277,3.5,3.75,0.272727272727273,FALSE,FALSE,TRUE
3279,4,4,0,FALSE,FALSE,TRUE
3280,NA,4,0,FALSE,FALSE,FALSE
3281,NA,NA,0.363636363636364,FALSE,TRUE,TRUE
3284,NA,NA,NA,NA,NA,NA
3285,4,4,0,FALSE,FALSE,FALSE
3286,4,4,0,FALSE,FALSE,TRUE
3289,2.75,3.25,0.454545454545455,FALSE,TRUE,FALSE
3293,NA,NA,NA,NA,NA,NA
3294,NA,NA,NA,NA,NA,NA
3295,3,4,0.181818181818182,FALSE,FALSE,FALSE
3297,2.5,2.75,0,FALSE,FALSE,FALSE
3298,NA,3.25,0.181818181818182,FALSE,FALSE,TRUE
3299,NA,3.75,NA,NA,TRUE,FALSE
3301,2.25,3.75,0.181818181818182,FALSE,FALSE,FALSE
3303,4,3.25,0,FALSE,NA,FALSE
3304,2,3.25,0.181818181818182,FALSE,NA,FALSE
3307,NA,NA,NA,NA,NA,NA
3308,NA,NA,NA,NA,NA,NA
3311,3,4,0,FALSE,FALSE,FALSE
3313,1.75,3.25,0,FALSE,TRUE,FALSE
3319,1.5,4,0,FALSE,FALSE,FALSE
3323,3,3.75,0.0909090909090909,FALSE,TRUE,FALSE
3325,NA,3.25,0.181818181818182,FALSE,FALSE,FALSE
3328,4,3.5,0.545454545454545,TRUE,TRUE,FALSE
3330,NA,3.5,0,FALSE,FALSE,FALSE
3332,1.5,3.75,0.272727272727273,TRUE,FALSE,TRUE
3334,3,3.5,0,FALSE,FALSE,FALSE
3335,3.5,3,0,FALSE,FALSE,FALSE
3336,NA,NA,NA,NA,NA,NA
3337,NA,NA,NA,NA,NA,NA
3338,NA,NA,NA,NA,NA,NA
3339,1.25,3.25,0.363636363636364,FALSE,NA,TRUE
3340,2.75,4,0,FALSE,FALSE,FALSE
3341,2.5,3.5,0,FALSE,TRUE,FALSE
3343,NA,NA,NA,NA,NA,NA
3344,4,3.75,0,FALSE,FALSE,TRUE
3345,3.25,3,0,FALSE,FALSE,FALSE
3346,3.25,4,0,FALSE,FALSE,TRUE
3347,4,3.5,0,FALSE,FALSE,TRUE
3350,NA,NA,NA,NA,NA,NA
3352,2.5,4,0,FALSE,FALSE,FALSE
3355,2.75,3.25,0.0909090909090909,FALSE,FALSE,TRUE
3356,NA,NA,0.181818181818182,FALSE,FALSE,TRUE
3360,3.5,3.25,0,FALSE,FALSE,FALSE
3361,2.75,3.5,0,FALSE,FALSE,FALSE
3364,NA,NA,NA,NA,NA,NA
3365,NA,4,0.272727272727273,FALSE,TRUE,TRUE
3366,3.5,3,0,FALSE,TRUE,FALSE
3367,3.5,3,0,FALSE,FALSE,FALSE
3370,3,3,0.181818181818182,FALSE,FALSE,FALSE
3371,3,3.25,0.181818181818182,FALSE,FALSE,TRUE
3373,NA,3.5,0,FALSE,FALSE,FALSE
3378,2.5,2.75,0,FALSE,FALSE,FALSE
3382,2.5,3.75,0,FALSE,NA,FALSE
3384,2,3.5,0.454545454545455,FALSE,NA,FALSE
3385,NA,NA,NA,NA,NA,NA
3386,3,3.75,0,FALSE,FALSE,FALSE
3387,NA,4,0,FALSE,FALSE,FALSE
3388,NA,4,0.272727272727273,FALSE,FALSE,TRUE
3389,2.75,4,0.0909090909090909,FALSE,FALSE,TRUE
3390,2.75,3.25,0.272727272727273,FALSE,FALSE,FALSE
3392,NA,3.25,0.272727272727273,FALSE,TRUE,TRUE
3394,2.5,3.75,0.272727272727273,TRUE,TRUE,FALSE
3395,3.75,3.5,0,FALSE,TRUE,TRUE
3396,NA,NA,NA,NA,NA,NA
3397,NA,2.75,0,FALSE,FALSE,TRUE
3398,3.5,4,0.0909090909090909,FALSE,FALSE,FALSE
3399,NA,NA,NA,NA,NA,NA
3400,NA,3.5,0.181818181818182,FALSE,FALSE,TRUE
3401,NA,NA,NA,NA,NA,NA
3402,3.25,3.75,0.272727272727273,FALSE,FALSE,FALSE
3404,NA,NA,NA,NA,NA,NA
3406,3.25,4,0,FALSE,FALSE,TRUE
3407,NA,NA,0.363636363636364,FALSE,NA,TRUE
3408,NA,NA,NA,NA,NA,NA
3411,3.75,3.75,0,FALSE,FALSE,FALSE
3413,3,3,0,FALSE,FALSE,FALSE
3417,NA,NA,NA,NA,NA,NA
3420,2.5,2.75,0,FALSE,FALSE,TRUE
3422,2.25,3.5,0,FALSE,FALSE,FALSE
3423,3.25,3.5,0,FALSE,FALSE,FALSE
3424,3.5,3.25,0,FALSE,FALSE,FALSE
3425,NA,NA,NA,NA,NA,NA
3426,2.5,3.5,0,FALSE,FALSE,FALSE
3430,NA,NA,NA,NA,NA,NA
3433,2.75,3.5,0.272727272727273,FALSE,FALSE,FALSE
3434,3.5,3.75,0,FALSE,FALSE,FALSE
3438,3,3,0,FALSE,NA,FALSE
3440,2.25,2.75,0,FALSE,FALSE,TRUE
3449,2.5,4,0,FALSE,NA,FALSE
3450,3.75,3.5,0.272727272727273,FALSE,TRUE,TRUE
3452,2,2.5,0,FALSE,TRUE,FALSE
3455,2.75,4,0,FALSE,TRUE,FALSE
3457,NA,NA,NA,NA,NA,NA
3459,2.25,4,0,FALSE,TRUE,FALSE
3463,3.5,3.25,0.272727272727273,FALSE,TRUE,FALSE
3466,3.5,4,0,FALSE,FALSE,FALSE
3468,3,2.5,0.181818181818182,FALSE,FALSE,FALSE
3470,2.5,3,0.0909090909090909,FALSE,TRUE,FALSE
3474,NA,4,0,FALSE,FALSE,FALSE
3477,3.25,4,0.0909090909090909,FALSE,NA,FALSE
3478,3.25,2.75,0,FALSE,FALSE,FALSE
3480,NA,NA,NA,NA,NA,NA
3481,2.75,3.75,0,FALSE,FALSE,FALSE
3484,4,4,0,FALSE,FALSE,TRUE
3485,4,3.25,0.727272727272727,TRUE,FALSE,FALSE
3487,NA,NA,NA,NA,NA,NA
3488,1.25,3.25,0.0909090909090909,FALSE,FALSE,FALSE
3492,NA,NA,NA,NA,NA,NA
3493,2.25,3,0,FALSE,FALSE,FALSE
3494,4,4,0.181818181818182,FALSE,FALSE,FALSE
3497,3.75,4,0,FALSE,TRUE,TRUE
3500,NA,3.5,0,FALSE,FALSE,FALSE
3502,NA,NA,NA,NA,NA,NA
3504,3.75,3.75,0.0909090909090909,FALSE,FALSE,TRUE
3507,2.5,3.75,0,FALSE,FALSE,FALSE
3510,NA,NA,NA,NA,NA,NA
3511,NA,NA,NA,NA,NA,NA
3514,NA,NA,NA,NA,NA,NA
3515,NA,NA,NA,NA,NA,NA
3518,NA,NA,NA,NA,NA,NA
3520,2.25,3.25,0.181818181818182,FALSE,TRUE,TRUE
3521,2.5,3,0.272727272727273,TRUE,FALSE,FALSE
3522,2.5,4,0,FALSE,FALSE,FALSE
3524,NA,4,0,FALSE,FALSE,FALSE
3529,NA,4,0,FALSE,NA,FALSE
3530,NA,NA,NA,NA,NA,NA
3534,3.5,3.75,0.0909090909090909,FALSE,TRUE,FALSE
3535,3,3.5,0.181818181818182,FALSE,FALSE,FALSE
3539,3.25,3.25,0,FALSE,FALSE,FALSE
3540,NA,NA,NA,NA,NA,NA
3541,NA,NA,NA,NA,NA,NA
3544,3.75,3.75,0.363636363636364,TRUE,TRUE,FALSE
3545,3.75,4,0,FALSE,FALSE,FALSE
3546,NA,3.25,0.181818181818182,FALSE,TRUE,FALSE
3554,2,3.5,0,FALSE,NA,FALSE
3559,NA,NA,NA,NA,NA,NA
3560,3.5,4,0,FALSE,FALSE,TRUE
3565,NA,2,0,FALSE,FALSE,FALSE
3567,3.5,4,0,FALSE,NA,FALSE
3568,3.5,3.5,0.0909090909090909,FALSE,TRUE,FALSE
3570,NA,NA,NA,NA,NA,NA
3571,NA,4,0.0909090909090909,FALSE,NA,FALSE
3572,3.5,3.5,0.0909090909090909,FALSE,FALSE,FALSE
3573,NA,NA,0,FALSE,FALSE,FALSE
3576,3.25,4,0,FALSE,FALSE,FALSE
3581,2.75,4,0.0909090909090909,FALSE,FALSE,FALSE
3583,NA,NA,NA,NA,NA,NA
3585,2.25,2.75,0.181818181818182,FALSE,FALSE,FALSE
3587,NA,3,0.181818181818182,FALSE,FALSE,FALSE
3589,2.75,4,0.181818181818182,FALSE,FALSE,TRUE
3590,NA,NA,NA,NA,NA,NA
3591,2.75,4,0.0909090909090909,TRUE,FALSE,FALSE
3592,NA,3.25,0.181818181818182,FALSE,NA,FALSE
3594,NA,NA,NA,NA,NA,NA
3596,NA,NA,NA,NA,NA,NA
3602,2,2.25,0.363636363636364,TRUE,NA,FALSE
3605,1.75,2.75,0.0909090909090909,FALSE,FALSE,FALSE
3609,NA,NA,NA,NA,NA,NA
3613,NA,3.75,0.545454545454545,FALSE,FALSE,FALSE
3615,NA,NA,NA,NA,NA,NA
3616,3.25,3.25,0,FALSE,FALSE,TRUE
3618,2.75,3,0.0909090909090909,FALSE,FALSE,FALSE
3620,4,3.5,0,FALSE,FALSE,FALSE
3621,NA,2,0,FALSE,FALSE,FALSE
3623,NA,NA,NA,NA,NA,NA
3625,2.5,4,0,FALSE,TRUE,FALSE
3627,NA,NA,NA,NA,NA,NA
3633,3.25,4,0,FALSE,FALSE,FALSE
3634,3.25,2.75,0.181818181818182,FALSE,FALSE,TRUE
3638,NA,NA,NA,NA,NA,NA
3639,3,3.5,0,FALSE,TRUE,TRUE
3640,3.25,3.5,0,TRUE,FALSE,TRUE
3642,NA,3.25,0,FALSE,TRUE,FALSE
3643,3,3,0.272727272727273,FALSE,FALSE,FALSE
3644,NA,3.25,0,FALSE,NA,FALSE
3645,NA,NA,NA,NA,NA,NA
3649,NA,NA,NA,NA,NA,NA
3650,2,3.25,0.181818181818182,FALSE,FALSE,FALSE
3651,1.5,3.5,0,FALSE,FALSE,FALSE
3654,2.75,3.75,0.272727272727273,FALSE,TRUE,TRUE
3658,2.75,4,0,FALSE,FALSE,FALSE
3659,3,3.5,0,FALSE,FALSE,TRUE
3661,NA,NA,NA,NA,NA,NA
3664,4,3.25,0,FALSE,FALSE,FALSE
3666,3.25,3.75,0,FALSE,FALSE,FALSE
3667,4,3,0.181818181818182,FALSE,NA,TRUE
3669,2.75,3.25,0,FALSE,NA,FALSE
3670,NA,NA,NA,NA,NA,NA
3671,NA,NA,NA,NA,NA,NA
3677,NA,3.25,0,FALSE,FALSE,FALSE
3678,1.75,3.25,0.181818181818182,FALSE,TRUE,FALSE
3680,NA,NA,NA,NA,NA,NA
3681,3.5,2.75,0,FALSE,FALSE,FALSE
3683,NA,3,0,FALSE,FALSE,FALSE
3684,2,3.75,0,FALSE,FALSE,FALSE
3685,2,4,0.636363636363636,FALSE,FALSE,TRUE
3686,NA,4,0.636363636363636,TRUE,FALSE,TRUE
3687,NA,NA,NA,NA,NA,NA
3688,NA,NA,NA,NA,NA,NA
3689,3,3.5,0.0909090909090909,FALSE,FALSE,TRUE
3690,NA,NA,NA,NA,NA,NA
3692,NA,NA,NA,NA,NA,NA
3694,NA,NA,0,FALSE,FALSE,FALSE
3699,2.25,3.25,0.181818181818182,FALSE,TRUE,FALSE
3700,3.25,2.75,0.363636363636364,TRUE,TRUE,FALSE
3701,3,3.5,0,FALSE,FALSE,FALSE
3703,1.75,3.75,0,FALSE,FALSE,FALSE
3704,NA,NA,NA,NA,NA,NA
3705,NA,3.75,0,FALSE,FALSE,FALSE
3706,NA,3.5,0,FALSE,FALSE,TRUE
3708,1.5,2.75,0,FALSE,FALSE,FALSE
3710,3.25,2.75,0,FALSE,FALSE,FALSE
3711,NA,3.75,0.0909090909090909,FALSE,FALSE,TRUE
3713,1.5,3.25,0.454545454545455,FALSE,TRUE,FALSE
3718,3.25,3.5,0,FALSE,FALSE,FALSE
3720,NA,NA,NA,NA,NA,NA
3721,3.25,4,0.454545454545455,TRUE,TRUE,FALSE
3724,NA,3,0,FALSE,NA,FALSE
3725,NA,NA,NA,NA,NA,NA
3726,NA,NA,NA,NA,NA,NA
3730,2.5,2.75,0,FALSE,FALSE,FALSE
3733,NA,NA,0.545454545454545,FALSE,NA,FALSE
3734,3.25,3.25,0,FALSE,TRUE,FALSE
3736,NA,3.25,0,FALSE,FALSE,FALSE
3742,3.25,3.5,0,FALSE,TRUE,FALSE
3743,2.25,3.25,0.0909090909090909,FALSE,FALSE,TRUE
3744,NA,NA,NA,NA,NA,NA
3747,NA,NA,NA,NA,NA,NA
3752,2,4,0.0909090909090909,FALSE,FALSE,FALSE
3753,NA,NA,NA,NA,NA,NA
3755,3.5,3,0.181818181818182,FALSE,FALSE,FALSE
3760,NA,NA,NA,NA,NA,NA
3761,NA,NA,NA,NA,NA,NA
3762,NA,NA,NA,NA,NA,NA
3763,3.75,3.5,0.272727272727273,FALSE,FALSE,FALSE
3766,2,3.75,0,FALSE,NA,TRUE
3769,3,3.25,0,FALSE,NA,FALSE
3770,3.25,3.5,0,FALSE,NA,FALSE
3771,3.25,3.75,0.0909090909090909,FALSE,FALSE,FALSE
3772,1.75,1.75,0,FALSE,FALSE,TRUE
3773,2,2.75,0.272727272727273,FALSE,TRUE,TRUE
3775,3.5,4,0,TRUE,TRUE,FALSE
3779,2,3.75,0,FALSE,FALSE,FALSE
3781,NA,NA,NA,NA,NA,NA
3782,2.5,4,0,FALSE,FALSE,FALSE
3783,3.25,4,0,FALSE,FALSE,FALSE
3785,2.5,3.25,0,FALSE,FALSE,FALSE
3789,NA,3.5,0,FALSE,FALSE,FALSE
3791,2.5,3.25,0,FALSE,NA,FALSE
3792,NA,NA,NA,NA,NA,NA
3799,3.5,4,0.0909090909090909,FALSE,FALSE,FALSE
3802,3.5,3.25,0,FALSE,FALSE,FALSE
3803,2.5,4,0,FALSE,TRUE,FALSE
3806,2.75,3.25,0.363636363636364,FALSE,FALSE,FALSE
3809,NA,NA,0,FALSE,FALSE,FALSE
3815,2.5,3.5,0.0909090909090909,FALSE,FALSE,FALSE
3816,NA,NA,NA,NA,NA,NA
3818,NA,NA,NA,NA,NA,NA
3819,NA,NA,NA,NA,NA,NA
3820,NA,3.5,0.0909090909090909,FALSE,FALSE,FALSE
3821,2.75,4,0,FALSE,FALSE,FALSE
3823,NA,3.75,0.0909090909090909,FALSE,FALSE,FALSE
3824,2.75,3.25,0,FALSE,FALSE,FALSE
3825,4,3,0,FALSE,FALSE,FALSE
3828,NA,NA,NA,NA,NA,NA
3830,3.25,4,0,FALSE,FALSE,FALSE
3831,NA,NA,NA,NA,NA,NA
3832,NA,NA,NA,NA,NA,NA
3834,NA,4,0,FALSE,FALSE,FALSE
3836,NA,NA,NA,NA,NA,NA
3837,4,4,0.0909090909090909,FALSE,NA,FALSE
3838,4,3.5,0,FALSE,FALSE,FALSE
3839,NA,2.75,0,FALSE,TRUE,FALSE
3841,NA,3.25,0,FALSE,FALSE,FALSE
3843,NA,NA,NA,NA,NA,NA
3844,NA,NA,NA,NA,NA,NA
3847,NA,NA,NA,NA,NA,NA
3849,NA,3.75,0.0909090909090909,FALSE,NA,TRUE
3850,NA,NA,NA,NA,NA,NA
3852,3,2.75,0.272727272727273,FALSE,FALSE,FALSE
3853,NA,NA,NA,NA,NA,NA
3854,3.5,3.5,0.181818181818182,FALSE,FALSE,FALSE
3855,NA,NA,NA,NA,NA,NA
3856,NA,4,0.363636363636364,FALSE,TRUE,TRUE
3857,2.75,3.25,0,FALSE,TRUE,FALSE
3858,2.5,3.5,0,FALSE,TRUE,FALSE
3862,NA,3.25,0,FALSE,TRUE,FALSE
3863,3.25,4,0,FALSE,TRUE,TRUE
3864,NA,NA,NA,NA,NA,NA
3866,3,3.25,0,FALSE,FALSE,FALSE
3867,NA,NA,NA,NA,NA,NA
3869,2,3.75,0,FALSE,FALSE,FALSE
3871,1.5,3.5,0,FALSE,FALSE,FALSE
3873,3.25,3.75,0,FALSE,FALSE,TRUE
3874,2.25,3.75,0.363636363636364,FALSE,NA,FALSE
3882,3,3.25,0,FALSE,FALSE,FALSE
3885,NA,3.75,0,FALSE,TRUE,FALSE
3887,3.25,3.25,0.545454545454545,FALSE,TRUE,FALSE
3888,2.5,3.75,0,FALSE,FALSE,TRUE
3894,2.75,3.5,0.181818181818182,FALSE,FALSE,FALSE
3895,3.75,3.25,0,FALSE,FALSE,FALSE
3897,NA,NA,NA,NA,NA,NA
3899,NA,3.75,0.454545454545455,FALSE,FALSE,FALSE
3900,NA,NA,NA,NA,NA,NA
3905,3.75,3,0,FALSE,FALSE,FALSE
3907,NA,NA,NA,NA,NA,NA
3909,3,4,0,FALSE,FALSE,FALSE
3911,3.25,3.75,0.0909090909090909,FALSE,TRUE,FALSE
3914,NA,NA,NA,NA,NA,NA
3919,NA,2.75,0,FALSE,FALSE,FALSE
3920,3,3.25,0,FALSE,FALSE,TRUE
3923,NA,NA,NA,NA,NA,NA
3924,2.5,3,0.0909090909090909,FALSE,FALSE,FALSE
3925,NA,NA,NA,NA,NA,NA
3926,NA,NA,NA,NA,NA,NA
3927,NA,4,0,FALSE,NA,FALSE
3928,3,4,0.454545454545455,FALSE,FALSE,TRUE
3930,2,2.25,0.272727272727273,FALSE,TRUE,TRUE
3932,2.25,3,0,FALSE,FALSE,FALSE
3934,3.25,4,0,FALSE,FALSE,TRUE
3938,3.5,4,0.454545454545455,FALSE,FALSE,TRUE
3939,3.25,3.5,0.272727272727273,FALSE,FALSE,FALSE
3940,NA,NA,NA,NA,NA,NA
3941,NA,NA,NA,NA,NA,NA
3944,2.5,2.75,0.272727272727273,FALSE,FALSE,FALSE
3946,NA,NA,NA,NA,NA,NA
3948,NA,NA,NA,NA,NA,NA
3949,3,3.25,0,FALSE,FALSE,TRUE
3951,NA,NA,NA,NA,NA,NA
3955,3.25,3.75,0.181818181818182,FALSE,FALSE,FALSE
3956,1.5,4,0,FALSE,TRUE,FALSE
3958,NA,NA,NA,NA,NA,NA
3959,NA,3.25,0,FALSE,FALSE,FALSE
3961,NA,NA,NA,NA,NA,NA
3962,NA,2.25,0.0909090909090909,FALSE,FALSE,FALSE
3965,NA,3.5,0,FALSE,FALSE,FALSE
3968,1.75,2.75,0,FALSE,FALSE,FALSE
3973,2.25,3,0.181818181818182,FALSE,FALSE,FALSE
3976,3,2.5,0.454545454545455,TRUE,FALSE,FALSE
3979,NA,NA,NA,NA,NA,NA
3980,NA,NA,NA,NA,NA,NA
3983,2.5,4,0,FALSE,FALSE,FALSE
3988,2.5,3,0,FALSE,FALSE,TRUE
3992,NA,NA,NA,NA,NA,NA
3993,3.25,3.25,0,FALSE,NA,FALSE
4002,2.25,3,0,FALSE,FALSE,FALSE
4007,2.75,3.25,0,FALSE,FALSE,TRUE
4008,2.5,4,0,FALSE,NA,FALSE
4013,4,3.5,0.181818181818182,FALSE,TRUE,FALSE
4014,NA,NA,NA,NA,NA,NA
4016,3,2.75,0,FALSE,FALSE,TRUE
4017,NA,3.25,0.0909090909090909,FALSE,FALSE,TRUE
4021,2.25,3,0.0909090909090909,FALSE,TRUE,TRUE
4024,2.75,3.75,0.0909090909090909,FALSE,FALSE,FALSE
4025,3.25,4,0,FALSE,FALSE,FALSE
4027,3,2.25,0.0909090909090909,FALSE,FALSE,FALSE
4028,3.25,4,0,FALSE,NA,FALSE
4029,NA,NA,NA,NA,NA,NA
4030,NA,3,0,FALSE,FALSE,TRUE
4031,NA,3.25,0,FALSE,FALSE,TRUE
4032,NA,NA,NA,NA,NA,NA
4033,NA,NA,NA,NA,NA,NA
4036,2,3,0.363636363636364,FALSE,FALSE,FALSE
4040,2.75,3.5,0,FALSE,FALSE,TRUE
4042,NA,NA,0.272727272727273,FALSE,FALSE,FALSE
4043,3,4,0.181818181818182,FALSE,FALSE,FALSE
4045,NA,NA,0.454545454545455,TRUE,FALSE,FALSE
4049,2,4,0.0909090909090909,FALSE,TRUE,TRUE
4052,NA,NA,NA,NA,NA,NA
4053,3,3.5,0,FALSE,TRUE,FALSE
4054,NA,3.75,0,FALSE,FALSE,FALSE
4056,1.75,3,0.0909090909090909,FALSE,FALSE,FALSE
4058,NA,NA,NA,NA,NA,NA
4060,NA,NA,NA,NA,NA,NA
4062,NA,3.25,0,FALSE,NA,FALSE
4063,2.75,3.75,0.272727272727273,FALSE,TRUE,TRUE
4068,1.75,3.75,0,FALSE,TRUE,FALSE
4071,3.5,3.5,0.0909090909090909,FALSE,NA,FALSE
4073,NA,3.75,0.272727272727273,FALSE,FALSE,FALSE
4077,3.25,3.5,0,FALSE,TRUE,FALSE
4078,2,3.75,0.272727272727273,FALSE,FALSE,FALSE
4082,NA,3.25,0,FALSE,FALSE,FALSE
4083,3,3.75,0,FALSE,FALSE,FALSE
4088,3,3.5,0,FALSE,TRUE,FALSE
4090,3.75,3.5,0.0909090909090909,FALSE,FALSE,FALSE
4091,NA,NA,NA,NA,NA,NA
4097,3.25,3.5,0.181818181818182,FALSE,TRUE,FALSE
4098,3,4,0.0909090909090909,FALSE,FALSE,FALSE
4100,NA,NA,NA,NA,NA,NA
4103,NA,NA,NA,NA,NA,NA
4108,3,3,0,FALSE,FALSE,FALSE
4109,3.25,4,0.0909090909090909,FALSE,FALSE,FALSE
4111,4,3.25,0,FALSE,TRUE,FALSE
4119,NA,NA,NA,NA,NA,NA
4121,NA,NA,0,FALSE,FALSE,FALSE
4125,NA,NA,NA,NA,NA,NA
4128,NA,NA,NA,NA,NA,NA
4129,NA,NA,NA,NA,NA,NA
4131,NA,NA,0.363636363636364,FALSE,TRUE,FALSE
4135,2.25,3.5,0.272727272727273,FALSE,FALSE,FALSE
4138,2.75,4,0.0909090909090909,FALSE,TRUE,TRUE
4140,NA,NA,NA,NA,NA,NA
4141,NA,NA,NA,NA,NA,NA
4142,2.5,3,0.0909090909090909,FALSE,FALSE,TRUE
4146,3.5,3.75,0.181818181818182,FALSE,FALSE,FALSE
4147,NA,NA,NA,NA,NA,NA
4150,NA,NA,NA,NA,NA,NA
4153,NA,NA,NA,NA,NA,NA
4155,2.25,4,0.0909090909090909,FALSE,NA,FALSE
4157,2.5,4,0,FALSE,FALSE,FALSE
4158,NA,NA,NA,NA,NA,NA
4159,2.5,3.5,0,FALSE,FALSE,TRUE
4162,NA,NA,NA,NA,NA,NA
4165,3.75,4,0.0909090909090909,FALSE,TRUE,TRUE
4167,2.25,3,0,FALSE,FALSE,FALSE
4168,3,3.25,0.0909090909090909,FALSE,FALSE,FALSE
4170,NA,NA,NA,NA,NA,NA
4172,1.5,3.5,0.181818181818182,FALSE,FALSE,FALSE
4177,3.25,1.75,0,FALSE,FALSE,FALSE
4178,NA,NA,NA,NA,NA,NA
4179,NA,4,0.272727272727273,FALSE,NA,FALSE
4181,NA,NA,NA,NA,NA,NA
4183,3.75,3,0,FALSE,FALSE,TRUE
4187,NA,NA,NA,NA,NA,NA
4188,NA,3.75,0.454545454545455,FALSE,FALSE,FALSE
4191,NA,NA,NA,NA,NA,NA
4193,NA,3.75,0.454545454545455,FALSE,TRUE,FALSE
4194,NA,3.25,0.363636363636364,FALSE,FALSE,FALSE
4197,NA,NA,NA,NA,NA,NA
4200,3.25,3.25,0,FALSE,NA,FALSE
4201,NA,NA,NA,NA,NA,NA
4202,3.25,3.5,0,FALSE,FALSE,FALSE
4203,NA,NA,NA,NA,NA,NA
4204,3.5,4,0.272727272727273,FALSE,NA,FALSE
4205,NA,NA,NA,NA,NA,NA
4206,2.75,3.5,0.272727272727273,FALSE,FALSE,FALSE
4213,NA,3.75,0.0909090909090909,FALSE,FALSE,FALSE
4216,2,3,0,FALSE,FALSE,FALSE
4217,NA,3.75,0.272727272727273,FALSE,FALSE,FALSE
4220,NA,NA,NA,NA,NA,NA
4222,NA,NA,NA,NA,NA,NA
4224,3.5,2.75,0.272727272727273,FALSE,FALSE,TRUE
4229,NA,3.5,0,FALSE,FALSE,FALSE
4235,NA,NA,NA,NA,NA,NA
4236,NA,3.75,0,FALSE,FALSE,FALSE
4239,2.75,2.75,0,FALSE,FALSE,FALSE
4240,NA,NA,NA,NA,NA,NA
4241,3,4,0,FALSE,TRUE,TRUE
